frame,id,x1,y1,x2,y2,label,level
1,1,200.7,216.4,312.3,292.4,0,1
1,2,202.7,226.7,252.8,284.6,00,2
1,13,261.0,221.6,310.3,280.4,01,2
2,1,201.7,216.3,313.9,292.8,0,1
2,2,203.7,226.5,254.0,284.7,00,2
2,13,262.3,221.6,311.9,280.9,01,2
3,1,203.0,216.7,315.9,293.7,0,1
3,2,205.0,226.9,255.6,285.4,00,2
3,13,264.0,222.2,313.9,281.9,01,2
4,1,204.2,218.0,317.8,295.4,0,1
4,2,206.2,228.3,257.1,287.2,00,2
4,13,265.5,223.5,315.8,283.5,01,2
5,1,205.5,219.5,319.7,297.4,0,1
5,2,207.5,229.8,258.6,289.0,00,2
5,13,267.2,225.1,317.7,285.6,01,2
6,1,206.9,221.5,321.8,300.0,0,1
6,2,208.9,231.9,260.3,291.5,00,2
6,13,268.9,227.2,319.8,288.1,01,2
7,1,208.8,223.6,324.6,302.6,0,1
7,2,210.8,234.2,262.6,294.1,00,2
7,13,271.2,229.3,322.6,290.5,01,2
8,1,210.5,226.6,326.9,306.1,0,1
8,2,212.5,237.1,264.5,297.5,00,2
8,13,273.3,232.4,324.9,294.1,01,2
9,1,211.7,230.2,328.9,310.3,0,1
9,2,213.7,240.7,266.1,301.4,00,2
9,13,274.9,236.3,326.9,298.4,01,2
10,1,212.7,234.0,330.8,314.8,0,1
10,2,214.7,244.8,267.5,305.9,00,2
10,13,276.3,239.9,328.8,302.4,01,2
11,1,213.4,238.1,332.3,319.5,0,1
11,2,215.4,249.1,268.5,310.7,00,2
11,13,277.4,244.0,330.3,307.0,01,2
12,1,213.6,242.3,333.3,324.4,0,1
12,2,215.6,253.4,269.1,315.5,00,2
12,13,278.0,248.2,331.3,311.6,01,2
13,1,213.0,247.1,333.6,329.8,0,1
13,2,215.0,258.1,268.9,320.6,00,2
13,13,277.9,253.2,331.6,317.1,01,2
14,1,213.0,251.5,334.5,335.0,0,1
14,2,215.0,262.8,269.3,325.9,00,2
14,13,278.3,257.4,332.5,321.7,01,2
15,1,212.5,255.8,334.9,340.1,0,1
15,2,214.5,267.1,269.2,330.7,00,2
15,13,278.3,261.9,332.9,326.8,01,2
16,1,211.7,260.2,335.0,345.2,0,1
16,2,213.7,271.5,268.9,335.6,00,2
16,13,278.0,266.3,333.0,331.7,01,2
17,1,211.1,264.0,335.4,349.8,0,1
17,2,213.1,275.6,268.7,340.3,00,2
17,13,277.8,270.0,333.4,335.9,01,2
18,1,210.0,267.7,335.2,354.3,0,1
18,2,212.0,279.5,267.9,344.7,00,2
18,13,277.1,273.7,333.2,340.2,01,2
19,1,208.5,271.1,334.7,358.6,0,1
19,2,210.5,283.2,267.0,349.1,00,2
19,13,276.1,277.1,332.7,344.0,01,2
20,1,206.2,274.5,333.4,362.7,0,1
20,2,208.2,286.7,265.1,353.2,00,2
20,13,274.3,280.4,331.4,347.9,01,2
21,1,203.2,277.3,331.2,366.3,0,1
21,2,205.2,289.1,262.5,356.2,00,2
21,13,271.9,283.6,329.2,351.8,01,2
22,1,201.4,279.0,330.4,368.8,0,1
22,2,203.4,291.0,261.2,358.6,00,2
22,13,270.7,285.3,328.4,354.0,01,2
23,1,199.5,279.8,329.4,370.3,0,1
23,2,201.5,291.8,259.7,359.9,00,2
23,13,269.2,286.2,327.4,355.4,01,2
24,1,198.7,279.6,329.4,370.8,0,1
24,2,200.7,292.0,259.3,360.6,00,2
24,13,268.7,285.8,327.4,355.3,01,2
25,1,197.7,278.4,329.3,370.2,0,1
25,2,199.7,290.9,258.7,359.9,00,2
25,13,268.2,284.5,327.3,354.4,01,2
26,1,197.3,275.8,329.7,368.3,0,1
26,2,199.3,288.4,258.7,357.8,00,2
26,13,268.3,282.0,327.7,352.2,01,2
27,1,197.7,272.0,330.9,364.9,0,1
27,2,199.7,284.8,259.5,354.5,00,2
27,13,269.0,277.9,328.9,348.4,01,2
28,1,198.1,267.2,332.0,360.6,0,1
28,2,200.1,280.1,260.2,350.1,00,2
28,13,269.8,273.2,330.0,344.0,01,2
29,1,198.6,261.9,333.3,355.7,0,1
29,2,200.6,274.6,261.0,344.8,00,2
29,13,270.8,268.0,331.3,339.2,01,2
30,1,199.6,255.9,335.1,350.1,0,1
30,2,201.6,268.5,262.4,338.9,00,2
30,13,272.2,262.2,333.1,333.7,01,2
31,1,201.1,249.4,337.3,344.1,0,1
31,2,203.1,262.2,264.2,332.9,00,2
31,13,274.0,255.5,335.3,327.3,01,2
32,1,202.6,242.7,339.7,337.9,0,1
32,2,204.6,255.6,266.1,326.6,00,2
32,13,275.9,248.6,337.7,320.8,01,2
33,1,203.8,236.3,341.8,332.1,0,1
33,2,205.8,249.2,267.7,320.5,00,2
33,13,277.7,242.5,339.8,315.2,01,2
34,1,204.9,230.6,343.9,327.0,0,1
34,2,206.9,243.2,269.1,314.9,00,2
34,13,279.3,237.0,341.9,310.2,01,2
35,1,206.0,225.2,345.9,322.2,0,1
35,2,208.0,237.8,270.6,309.9,00,2
35,13,280.9,231.7,343.9,305.5,01,2
36,1,207.2,220.1,348.2,317.9,0,1
36,2,209.2,232.7,272.3,305.3,00,2
36,13,282.8,226.8,346.2,301.1,01,2
37,1,208.7,215.3,350.8,313.9,0,1
37,2,210.7,228.2,274.2,301.3,00,2
37,13,284.7,221.9,348.8,296.7,01,2
38,1,209.9,210.8,353.1,310.2,0,1
38,2,211.9,223.8,275.9,297.4,00,2
38,13,286.4,217.5,351.1,293.0,01,2
39,1,210.9,206.5,355.3,306.8,0,1
39,2,212.9,220.0,277.4,294.2,00,2
39,13,287.9,213.2,353.3,289.2,01,2
40,1,211.2,203.1,356.7,304.3,0,1
40,2,213.2,217.1,278.2,291.9,00,2
40,13,288.7,209.7,354.7,286.2,01,2
41,1,210.9,200.7,357.6,302.8,0,1
41,2,212.9,214.9,278.4,290.3,00,2
41,13,289.0,207.4,355.6,284.6,01,2
42,1,210.2,198.6,358.1,301.6,0,1
42,2,212.2,213.1,278.2,289.1,00,2
42,13,288.8,205.3,356.1,283.1,01,2
43,1,209.1,196.9,358.2,300.8,0,1
43,2,211.1,211.6,277.7,288.2,00,2
43,13,288.3,203.8,356.2,282.1,01,2
44,1,207.6,195.5,357.9,300.3,0,1
44,2,209.6,210.7,276.7,288.0,00,2
44,13,287.4,202.3,355.9,281.2,01,2
45,1,206.1,195.0,357.5,300.7,0,1
45,2,208.1,209.8,275.7,287.6,00,2
45,13,286.6,202.3,355.5,282.0,01,2
46,1,204.2,194.3,356.8,300.8,0,1
46,2,206.2,209.0,274.4,287.4,00,2
46,13,285.5,202.0,354.8,282.4,01,2
47,1,202.2,193.7,356.0,301.2,0,1
47,2,204.2,208.6,273.0,287.6,00,2
47,13,284.3,201.6,354.0,282.6,01,2
48,1,200.0,193.4,355.0,301.9,0,1
48,2,202.0,208.5,271.4,288.2,00,2
48,13,282.7,201.5,353.0,283.1,01,2
49,1,197.6,193.1,353.9,302.6,0,1
49,2,199.6,208.5,269.6,288.9,00,2
49,13,280.9,201.1,351.9,283.3,01,2
50,1,195.4,192.4,353.0,302.9,0,1
50,2,197.4,208.0,268.0,289.0,00,2
50,13,279.4,200.5,351.0,283.4,01,2
51,1,193.3,191.5,352.2,303.0,0,1
51,2,195.3,206.8,266.4,288.5,00,2
51,13,278.1,200.1,350.2,283.7,01,2
52,1,191.1,190.0,351.4,302.5,0,1
52,2,193.1,205.6,264.9,288.0,00,2
52,13,276.7,198.7,349.4,282.9,01,2
53,1,188.7,188.1,350.3,301.8,0,1
53,2,190.7,204.3,263.2,287.6,00,2
53,13,274.8,196.5,348.3,281.3,01,2
54,1,186.1,186.2,349.2,301.1,0,1
54,2,188.1,202.8,261.4,286.8,00,2
54,13,273.0,194.8,347.2,280.3,01,2
55,1,183.5,184.9,348.0,300.8,0,1
55,2,185.5,201.7,259.4,286.4,00,2
55,13,271.2,193.6,346.0,279.8,01,2
56,1,180.9,183.8,346.9,300.7,0,1
56,2,182.9,200.2,257.6,285.7,00,2
56,13,269.6,193.0,344.9,280.0,01,2
57,1,178.6,182.1,346.1,300.2,0,1
57,2,180.6,198.7,256.0,284.9,00,2
57,13,268.2,191.5,344.1,279.3,01,2
58,1,177.0,179.8,346.1,299.1,0,1
58,2,179.0,196.4,255.1,283.5,00,2
58,13,267.4,189.5,344.1,278.2,01,2
59,1,175.3,177.6,345.9,298.2,0,1
59,2,177.3,194.6,254.2,282.5,00,2
59,13,266.6,187.4,343.9,276.8,01,2
60,1,173.7,175.5,346.0,297.4,0,1
60,2,175.7,193.0,253.4,281.7,00,2
60,13,265.9,185.5,344.0,275.7,01,2
61,1,172.2,173.6,346.1,296.8,0,1
61,2,174.2,191.5,252.7,281.1,00,2
61,13,265.2,183.7,344.1,274.8,01,2
62,1,170.7,171.8,346.2,296.4,0,1
62,2,172.7,190.4,252.0,280.8,00,2
62,13,264.5,181.8,344.2,273.7,01,2
63,1,169.4,169.7,346.7,295.7,0,1
63,2,171.4,189.3,251.5,280.7,00,2
63,13,263.9,179.1,344.7,271.8,01,2
64,1,168.6,167.5,347.6,295.0,0,1
64,2,170.6,187.3,251.6,279.5,00,2
64,13,264.1,177.3,345.6,270.9,01,2
65,1,168.0,165.1,348.9,294.0,0,1
65,2,170.0,185.0,251.9,278.1,00,2
65,13,264.6,175.2,346.9,269.9,01,2
66,1,167.2,162.7,349.9,293.0,0,1
66,2,169.2,183.0,251.8,277.1,00,2
66,13,264.6,172.9,347.9,268.5,01,2
67,1,165.8,160.7,350.4,292.5,0,1
67,2,167.8,181.6,251.3,276.7,00,2
67,13,264.1,170.9,348.4,267.5,01,2
68,1,163.9,159.0,350.4,292.4,0,1
68,2,165.9,180.7,250.4,276.7,00,2
68,13,263.1,169.1,348.4,266.6,01,2
69,1,162.1,157.4,350.5,292.3,0,1
69,2,164.1,179.5,249.5,276.5,00,2
69,13,262.3,167.7,348.5,266.2,01,2
70,1,160.2,156.1,350.6,292.6,0,1
70,2,162.2,178.4,248.6,276.5,00,2
70,13,261.6,166.7,348.6,266.2,01,2
71,1,158.2,155.0,350.6,293.0,0,1
71,2,160.2,177.4,247.6,276.5,00,2
71,13,260.8,166.0,348.6,266.5,01,2
72,1,155.9,153.6,350.4,293.3,0,1
72,2,157.9,176.4,246.3,276.5,00,2
72,13,259.7,165.0,348.4,266.6,01,2
73,1,153.1,152.5,349.7,293.8,0,1
73,2,155.1,175.4,244.6,276.6,00,2
73,13,258.2,164.2,347.7,266.9,01,2
74,1,150.2,150.9,349.0,293.9,0,1
74,2,152.2,174.0,242.8,276.2,00,2
74,13,256.6,163.4,347.0,267.1,01,2
75,1,146.6,149.7,347.6,294.5,0,1
75,2,148.6,173.1,240.3,276.5,00,2
75,13,254.3,162.7,345.6,267.4,01,2
76,1,142.5,148.6,345.7,295.2,0,1
76,2,144.5,172.9,237.4,277.5,00,2
76,13,251.3,161.3,343.7,267.2,01,2
77,1,138.9,146.9,344.6,295.5,0,1
77,2,140.9,171.8,235.1,277.7,00,2
77,13,249.1,159.8,342.6,266.8,01,2
78,1,135.1,145.3,343.2,295.8,0,1
78,2,137.1,170.9,232.6,278.0,00,2
78,13,246.6,158.3,341.2,266.4,01,2
79,1,131.3,143.6,341.9,296.1,0,1
79,2,133.3,170.0,230.1,278.4,00,2
79,13,244.1,156.8,339.9,266.1,01,2
80,1,126.6,142.3,339.7,296.8,0,1
80,2,128.6,169.4,226.8,279.2,00,2
80,13,240.9,155.7,337.7,266.1,01,2
81,1,121.8,140.8,337.7,297.3,0,1
81,2,123.8,167.7,223.5,278.8,00,2
81,13,238.0,155.3,335.7,266.9,01,2
82,1,116.8,139.2,335.5,297.9,0,1
82,2,118.8,166.1,220.0,278.7,00,2
82,13,234.9,154.6,333.5,267.5,01,2
83,1,111.7,137.8,333.4,298.5,0,1
83,2,113.7,164.3,216.6,278.3,00,2
83,13,231.9,154.2,331.4,268.5,01,2
84,1,106.3,136.4,331.1,299.4,0,1
84,2,108.3,162.9,212.9,278.3,00,2
84,13,228.5,153.8,329.1,269.3,01,2
85,1,100.1,135.4,328.0,300.8,0,1
85,2,102.1,162.8,208.5,279.9,00,2
85,13,224.2,152.9,326.0,269.7,01,2
86,1,94.0,134.0,325.2,301.7,0,1
86,2,96.0,161.3,204.2,280.0,00,2
86,13,220.3,152.5,323.2,270.6,01,2
87,1,86.8,133.0,321.5,303.4,0,1
87,2,88.8,161.1,199.2,281.5,00,2
87,13,215.3,151.8,319.5,271.4,01,2
88,1,79.9,131.4,318.2,304.3,0,1
88,2,81.9,159.7,194.4,281.9,00,2
88,13,210.8,150.9,316.2,271.9,01,2
89,1,72.5,129.8,314.6,305.5,0,1
89,2,74.5,158.9,189.4,283.0,00,2
89,13,205.9,149.7,312.6,272.2,01,2
90,1,66.7,126.9,312.7,305.4,0,1
90,2,68.7,155.9,185.7,282.0,00,2
90,13,202.8,148.3,310.7,272.3,01,2
91,1,61.0,125.7,310.6,307.1,0,1
91,2,63.0,156.0,182.3,283.9,00,2
91,13,199.3,147.0,308.6,272.7,01,2
92,1,55.7,124.6,309.1,309.0,0,1
92,2,57.7,156.2,179.3,285.8,00,2
92,13,196.3,146.2,307.1,273.4,01,2
93,1,51.8,122.7,309.2,309.9,0,1
93,2,53.8,154.3,177.5,285.9,00,2
93,13,195.0,145.5,307.2,274.4,01,2
94,1,47.3,122.5,308.4,312.8,0,1
94,2,49.3,155.7,175.2,289.1,00,2
94,13,192.7,145.2,306.4,275.8,01,2
95,1,43.8,121.4,308.8,314.8,0,1
95,2,45.8,155.3,173.9,290.6,00,2
95,13,191.6,144.7,306.8,277.0,01,2
96,1,40.8,120.7,309.7,317.2,0,1
96,2,42.8,155.9,173.1,292.9,00,2
96,13,190.9,144.3,307.7,278.3,01,2
97,1,39.2,119.0,312.0,318.6,0,1
97,2,41.2,154.2,173.6,293.1,00,2
97,13,191.8,144.1,310.0,279.9,01,2
98,1,38.0,118.9,314.5,321.7,0,1
98,2,40.0,155.9,174.4,296.4,00,2
98,13,192.6,143.8,312.5,281.4,01,2
99,1,37.9,118.2,318.0,324.3,0,1
99,2,39.9,156.3,176.1,298.5,00,2
99,13,194.5,143.5,316.0,283.0,01,2
100,1,38.1,117.4,321.8,326.7,0,1
100,2,40.1,155.8,178.1,299.8,00,2
100,13,196.8,143.6,319.8,285.1,01,2
101,1,37.9,117.2,325.5,329.9,0,1
101,2,39.9,157.1,180.0,302.7,00,2
101,13,198.8,143.6,323.5,287.0,01,2
102,1,38.2,116.9,329.6,333.1,0,1
102,2,40.2,158.8,182.2,306.0,00,2
102,13,200.9,143.1,327.6,288.5,01,2
103,1,39.5,115.4,334.6,335.1,0,1
103,2,41.5,157.8,185.2,306.7,00,2
103,13,204.4,142.6,332.6,290.2,01,2
104,1,40.7,114.9,339.8,338.4,0,1
104,2,42.7,159.7,188.4,310.3,00,2
104,13,207.4,141.7,337.8,291.5,01,2
105,1,42.2,114.4,345.3,341.7,0,1
105,2,44.2,160.9,191.8,313.2,00,2
105,13,210.8,141.3,343.3,293.3,01,2
106,1,44.0,113.6,351.3,344.9,0,1
106,2,46.0,161.7,195.4,315.9,00,2
106,13,214.5,140.9,349.3,295.3,01,2
107,1,45.8,112.2,357.8,347.6,0,1
107,2,47.8,160.9,199.2,317.0,00,2
107,13,218.9,141.2,355.8,298.2,01,2
108,1,46.7,111.2,363.6,350.9,0,1
108,2,48.7,159.4,202.2,317.9,00,2
108,13,222.7,142.4,361.6,302.1,01,2
109,1,47.2,111.0,369.1,355.4,0,1
109,2,49.2,160.9,205.0,321.6,00,2
109,13,225.6,142.5,367.1,304.8,01,2
110,1,47.6,110.2,374.8,359.5,0,1
110,2,49.6,162.6,207.7,325.4,00,2
110,13,228.3,141.8,372.8,306.8,01,2
111,1,47.6,109.7,380.2,364.2,0,1
111,2,49.6,165.4,210.2,330.6,00,2
111,13,230.5,140.5,378.2,308.2,01,2
112,1,47.4,109.5,385.8,369.3,0,1
112,2,49.4,167.6,212.6,335.3,00,2
112,13,232.9,140.3,383.8,310.8,01,2
113,1,46.9,108.6,391.6,373.9,0,1
113,2,48.9,167.1,214.9,337.4,00,2
113,13,236.0,141.7,389.6,315.3,01,2
114,1,46.3,107.5,397.5,378.6,0,1
114,2,48.3,166.5,217.0,339.7,00,2
114,13,238.9,142.8,395.5,319.7,01,2
115,1,45.4,107.3,403.3,384.5,0,1
115,2,47.4,168.6,219.1,344.6,00,2
115,13,241.1,143.2,401.3,323.3,01,2
116,1,43.6,107.5,408.5,391.2,0,1
116,2,45.6,170.5,220.6,349.4,00,2
116,13,242.9,144.4,406.5,327.8,01,2
117,1,41.7,107.4,413.8,397.9,0,1
117,2,43.7,172.5,222.0,354.5,00,2
117,13,244.6,145.0,411.8,331.9,01,2
118,1,40.4,106.4,420.2,404.1,0,1
118,2,42.4,174.1,224.2,359.4,00,2
118,13,246.9,144.7,418.2,335.3,01,2
119,1,39.0,105.6,426.6,410.8,0,1
119,2,41.0,176.7,226.3,365.4,00,2
119,13,249.0,144.0,424.6,338.1,01,2
120,1,37.0,105.2,433.0,418.4,0,1
120,2,39.0,178.9,228.1,371.1,00,2
120,13,250.9,144.1,431.0,342.2,01,2
121,1,34.8,103.9,439.6,425.6,0,1
121,2,36.8,180.1,229.9,376.1,00,2
121,13,253.0,143.8,437.6,346.1,01,2
122,1,32.7,101.5,446.5,432.0,0,1
122,2,34.7,181.2,231.9,381.2,00,2
122,13,255.1,141.9,444.5,348.5,01,2
123,1,30.0,98.4,453.7,438.4,0,1
123,2,32.0,180.2,233.5,383.9,00,2
123,13,257.4,141.2,451.7,352.6,01,2
124,1,26.9,94.7,461.2,444.8,0,1
124,2,28.9,177.7,234.9,385.2,00,2
124,13,259.9,141.3,459.2,357.9,01,2
125,1,24.0,90.6,469.1,451.3,0,1
125,2,26.0,176.1,236.6,387.8,00,2
125,13,262.3,140.0,467.1,361.9,01,2
126,1,20.7,86.5,477.3,458.6,0,1
126,2,22.7,175.1,238.2,391.5,00,2
126,13,264.5,138.3,475.3,365.6,01,2
127,2,18.2,175.3,239.1,396.5,00,2
127,13,265.8,136.4,482.8,369.1,01,2
128,2,12.0,173.3,238.7,400.0,00,1
128,13,266.5,136.8,511.0,375.5,01,1
128,14,424.6,159.5,511.0,264.6,010,2
129,2,5.8,171.7,238.7,404.0,00,1
129,13,267.3,135.7,511.0,380.4,01,1
129,14,427.1,160.6,511.0,266.9,010,2
130,2,0.0,169.2,238.0,407.4,00,1
130,13,267.7,135.0,511.0,386.0,01,1
130,14,429.4,162.8,511.0,270.3,010,2
131,2,0.0,167.8,237.3,412.2,00,1
131,13,267.6,133.0,511.0,390.3,01,1
131,14,430.9,162.7,511.0,271.4,010,2
132,2,0.0,164.5,236.3,415.5,00,1
132,13,267.7,131.2,511.0,395.4,01,1
132,14,432.9,163.9,511.0,273.9,010,2
133,2,0.0,162.8,236.0,420.4,00,1
133,13,267.8,127.1,511.0,398.3,01,1
133,14,434.5,161.3,511.0,272.6,010,2
134,2,0.0,160.9,235.8,425.4,00,1
134,13,268.1,122.0,511.0,400.7,01,1
134,14,436.3,157.8,511.0,270.5,010,2
135,2,0.0,159.0,236.7,431.1,00,1
135,13,269.2,115.2,511.0,401.9,01,1
135,14,438.9,152.2,511.0,266.5,010,2
136,2,0.0,153.7,237.4,433.4,00,1
136,13,270.8,109.0,511.0,404.5,01,1
136,14,442.7,149.2,511.0,265.2,010,2
137,2,0.0,148.9,238.7,436.6,00,1
137,13,272.6,99.8,511.0,404.6,01,1
138,2,0.0,143.1,240.1,439.2,00,1
138,13,274.8,91.4,511.0,406.3,01,1
139,2,0.0,137.8,241.9,442.7,00,1
139,13,277.2,82.0,511.0,407.8,01,1
140,2,0.0,132.3,243.9,446.7,00,1
140,13,280.1,72.1,511.0,409.8,01,1
141,2,0.0,128.3,245.9,452.5,00,1
141,13,282.7,61.4,511.0,412.6,01,1
142,2,0.0,122.9,246.9,457.5,00,1
142,13,284.6,51.0,511.0,416.6,01,1
143,2,0.0,116.1,247.9,461.5,00,1
143,13,287.0,40.9,511.0,422.2,01,1
144,2,0.0,109.7,249.1,466.7,00,1
144,13,289.3,28.2,511.0,427.4,01,1
145,2,0.0,100.7,253.0,468.9,00,1
146,2,0.0,91.6,259.4,470.4,00,1
147,2,0.0,85.1,268.3,474.5,00,1
148,2,0.0,74.6,279.7,475.1,00,1
149,2,0.0,64.6,292.3,476.5,00,1
150,2,0.0,53.1,306.2,477.1,00,1
160,2,66.1,147.3,131.2,214.5,00,1
161,2,78.6,146.9,143.3,214.3,00,1
162,2,88.1,146.6,152.6,214.3,00,1
163,2,93.0,149.0,157.8,217.0,00,1
164,2,95.7,150.2,160.9,218.8,00,1
165,2,96.3,151.2,162.2,220.4,00,1
166,2,94.9,152.7,161.6,222.6,00,1
167,2,92.7,153.5,160.1,224.0,00,1
168,2,89.0,155.6,157.4,226.9,00,1
169,2,83.2,159.5,152.9,231.8,00,1
170,2,77.5,161.4,148.3,234.6,00,1
171,2,71.3,162.8,143.4,237.0,00,1
172,2,64.7,164.7,138.3,240.0,00,1
173,2,59.4,164.7,134.3,241.1,00,1
174,2,53.6,168.3,129.9,245.7,00,1
175,2,48.4,171.8,126.1,250.2,00,1
176,2,35.1,175.9,112.3,252.8,00,1
177,2,31.5,178.8,110.0,256.6,00,1
178,2,28.6,180.8,108.5,259.6,00,1
179,2,26.5,184.1,107.7,263.7,00,1
180,2,25.8,188.6,107.9,269.0,00,1
181,2,26.3,195.0,109.4,276.0,00,1
181,3,29.9,217.3,86.3,266.6,000,2
182,2,19.5,192.2,103.9,273.2,00,1
182,3,33.2,218.5,89.8,268.0,000,2
183,2,22.7,196.7,107.7,278.3,00,1
183,3,37.3,223.3,93.9,273.0,000,2
184,2,26.7,198.5,112.2,280.7,00,1
184,3,41.9,225.5,98.6,275.4,000,2
185,2,28.5,202.8,105.3,281.0,00,1
185,3,46.6,228.9,103.3,279.0,000,2
186,2,33.8,205.0,111.1,283.5,00,1
186,3,52.4,231.3,109.1,281.5,000,2
187,2,40.0,204.3,117.7,283.3,00,1
187,3,59.0,231.0,115.7,281.3,000,2
188,2,37.9,199.6,124.8,286.0,00,1
188,3,66.2,233.5,122.8,284.0,000,2
189,2,46.1,200.1,132.0,286.7,00,1
189,3,73.5,234.0,130.0,284.7,000,2
190,2,52.9,201.7,139.1,288.7,00,1
190,3,80.7,235.7,137.1,286.7,000,2
191,2,59.8,201.1,146.2,288.6,00,1
191,3,87.8,235.4,144.2,286.6,000,2
192,2,66.9,199.2,153.3,287.3,00,1
192,3,94.8,234.0,151.3,285.3,000,2
193,2,73.9,197.9,160.5,286.5,00,1
193,3,101.9,232.9,158.5,284.5,000,2
194,2,80.7,197.4,167.7,286.4,00,1
194,3,109.1,232.6,165.7,284.4,000,2
195,2,87.5,195.4,174.8,285.0,00,1
195,3,116.1,230.8,172.8,283.0,000,2
196,2,93.9,193.2,181.7,283.4,00,1
196,3,122.9,228.8,179.7,281.4,000,2
197,2,100.1,188.8,188.2,279.9,00,1
197,3,129.1,225.0,186.2,277.9,000,2
198,2,105.1,186.1,193.9,278.0,00,1
198,3,134.6,222.7,191.9,276.0,000,2
199,2,110.1,181.4,199.4,274.4,00,1
199,3,139.5,218.8,197.4,272.4,000,2
200,2,113.9,178.7,204.1,272.7,00,1
200,3,143.9,216.5,202.1,270.7,000,2
201,2,117.1,176.1,208.4,271.0,00,1
201,3,147.8,214.3,206.4,269.0,000,2
202,2,119.9,173.6,212.3,269.6,00,1
202,3,151.4,212.1,210.3,267.6,000,2
203,2,122.5,170.5,215.9,267.6,00,1
203,3,154.3,209.6,213.9,265.6,000,2
204,2,124.4,167.4,218.8,265.8,00,1
204,3,156.7,207.2,216.8,263.8,000,2
205,2,125.9,164.0,221.3,263.7,00,1
205,3,158.6,204.6,219.3,261.7,000,2
206,2,127.3,160.6,223.7,261.9,00,1
206,3,160.2,202.2,221.7,259.9,000,2
207,2,127.8,158.8,225.4,261.5,00,1
207,3,161.2,201.1,223.4,259.5,000,2
208,2,128.4,157.1,227.0,261.4,00,1
208,3,162.0,200.4,225.0,259.4,000,2
209,2,127.4,157.5,227.5,263.0,00,1
209,3,161.9,201.3,225.5,261.0,000,2
210,2,126.7,156.9,228.1,264.0,00,1
210,3,161.6,201.5,226.1,262.0,000,2
211,2,125.0,157.2,228.0,265.7,00,1
211,3,160.8,202.5,226.0,263.7,000,2
212,2,123.2,157.3,227.8,267.4,00,1
212,3,159.7,203.5,225.8,265.4,000,2
213,2,121.1,157.4,227.3,269.2,00,1
213,3,158.3,204.4,225.3,267.2,000,2
214,2,118.3,158.4,226.4,271.8,00,1
214,3,156.6,206.2,224.4,269.8,000,2
215,2,116.3,158.3,225.9,273.5,00,1
215,3,155.0,207.2,223.9,271.5,000,2
216,2,113.9,158.7,225.2,275.8,00,1
216,3,153.4,208.6,223.2,273.8,000,2
217,2,111.8,158.9,224.7,277.9,00,1
217,3,151.9,209.9,222.7,275.9,000,2
218,2,109.2,159.6,224.0,280.4,00,1
218,3,150.2,211.6,222.0,278.4,000,2
219,2,107.0,159.2,223.5,282.3,00,1
219,3,148.6,212.6,221.5,280.3,000,2
220,2,104.1,160.2,222.9,285.1,00,1
220,3,147.0,214.4,220.9,283.1,000,2
221,2,85.4,132.5,222.8,286.3,00,1
221,3,145.7,214.6,220.8,284.3,000,2
221,8,87.4,134.5,154.6,206.8,001,2
222,2,82.8,132.8,222.7,288.8,00,1
222,3,144.5,216.1,220.7,286.8,000,2
222,8,84.8,134.8,153.3,208.4,001,2
223,2,80.7,133.0,223.1,291.2,00,1
223,3,143.9,217.4,221.1,289.2,000,2
223,8,82.7,135.0,152.4,209.8,001,2
224,2,79.5,132.3,223.9,293.0,00,1
224,3,143.6,218.1,221.9,291.0,000,2
224,8,81.5,134.3,152.5,210.2,001,2
225,2,78.1,132.3,225.3,295.1,00,1
225,3,143.9,219.0,223.3,293.1,000,2
225,8,80.1,134.3,152.4,211.6,001,2
226,2,77.8,130.9,227.3,296.4,00,1
226,3,144.8,219.1,225.3,294.4,000,2
226,8,79.8,132.9,153.4,211.5,001,2
227,2,78.4,128.5,229.8,296.8,00,1
227,3,146.2,218.5,227.8,294.8,000,2
227,8,80.4,130.5,155.4,210.3,001,2
228,2,78.8,126.4,232.8,297.3,00,1
228,3,148.0,217.8,230.8,295.3,000,2
228,8,80.8,128.4,157.1,209.6,001,2
229,2,79.4,123.9,236.0,297.5,00,1
229,3,150.2,216.6,234.0,295.5,000,2
229,8,81.4,125.9,158.9,208.7,001,2
230,2,80.7,121.6,240.0,297.8,00,1
230,3,153.1,215.6,238.0,295.8,000,2
230,8,82.7,123.6,161.6,207.8,001,2
231,2,81.9,118.5,244.1,297.4,00,1
231,3,156.1,213.9,242.1,295.4,000,2
231,8,83.9,120.5,164.0,206.5,001,2
232,2,84.7,114.0,248.8,296.5,00,1
232,3,159.5,211.8,246.8,294.5,000,2
232,8,86.7,116.0,168.4,203.4,001,2
233,2,87.2,110.5,253.9,296.2,00,1
233,3,163.3,210.1,251.9,294.2,000,2
233,8,89.2,112.5,172.3,201.6,001,2
234,2,91.2,105.4,259.8,295.1,00,1
234,3,167.8,207.7,257.8,293.1,000,2
234,8,93.2,107.4,178.0,198.1,001,2
235,2,94.1,102.7,265.8,295.3,00,1
235,3,172.6,206.4,263.8,293.3,000,2
235,8,96.1,104.7,182.2,197.2,001,2
236,2,98.7,98.9,272.5,295.5,00,1
236,3,177.7,205.2,270.5,293.5,000,2
236,8,100.7,100.9,188.5,195.0,001,2
237,2,102.7,96.2,279.2,296.5,00,1
237,3,182.9,204.6,277.2,294.5,000,2
237,8,104.7,98.2,194.0,194.2,001,2
238,2,107.2,93.2,285.9,297.8,00,1
238,3,187.9,204.3,283.9,295.8,000,2
238,8,109.2,95.2,200.3,192.9,001,2
239,2,109.9,92.2,292.7,300.0,00,1
239,3,193.0,204.7,290.7,298.0,000,2
239,8,111.9,94.2,204.4,194.0,001,2
240,2,113.4,90.7,299.4,302.7,00,1
240,3,197.8,205.5,297.4,300.7,000,2
240,8,115.4,92.7,209.8,194.4,001,2
241,2,118.3,88.6,306.6,305.6,00,1
241,3,202.8,206.5,304.6,303.6,000,2
241,8,120.3,90.6,216.6,194.2,001,2
242,2,122.4,87.1,313.9,309.0,00,1
242,3,207.7,207.9,311.9,307.0,000,2
242,8,124.4,89.1,222.7,194.9,001,2
243,2,125.7,85.6,320.6,312.6,00,1
243,3,212.0,209.4,318.6,310.6,000,2
243,8,127.7,87.6,228.0,195.7,001,2
244,2,127.9,84.6,327.0,316.6,00,1
244,3,215.8,211.2,325.0,314.6,000,2
244,8,129.9,86.6,232.3,197.1,001,2
245,2,130.3,83.0,333.3,320.4,00,1
245,3,219.5,212.8,331.3,318.4,000,2
245,8,132.3,85.0,237.0,198.0,001,2
246,2,132.0,82.5,340.0,325.1,00,1
246,3,223.4,215.0,338.0,323.1,000,2
246,8,134.0,84.5,240.9,200.2,001,2
247,2,131.9,81.3,345.9,329.0,00,1
247,3,226.5,216.2,343.9,327.0,000,2
247,8,133.9,83.3,243.1,202.0,001,2
248,2,132.5,80.9,352.5,334.1,00,1
248,3,230.1,218.2,350.5,332.1,000,2
248,8,134.5,82.9,246.2,204.5,001,2
249,2,133.4,80.4,359.1,339.8,00,1
249,3,233.4,220.9,357.1,337.8,000,2
249,8,135.4,82.4,249.7,207.1,001,2
250,2,134.1,80.1,366.3,345.8,00,1
250,3,237.1,223.5,364.3,343.8,000,2
250,8,136.1,82.1,253.2,209.9,001,2
251,2,134.4,80.0,373.1,352.7,00,1
251,3,240.0,226.9,371.1,350.7,000,2
251,8,136.4,82.0,256.3,213.1,001,2
252,2,133.7,80.1,379.5,360.2,00,1
252,3,242.5,230.4,377.5,358.2,000,2
252,8,135.7,82.1,258.9,216.6,001,2
253,2,133.3,79.7,386.0,368.3,00,1
253,3,244.6,234.5,384.0,366.3,000,2
253,8,135.3,81.7,262.0,219.9,001,2
254,2,133.0,78.6,392.5,376.6,00,1
254,3,246.3,238.5,390.5,374.6,000,2
254,8,135.0,80.6,265.3,222.7,001,2
255,2,130.0,77.9,399.6,384.0,00,1
255,3,248.7,240.9,397.6,382.0,000,2
255,8,132.0,79.9,266.3,226.3,001,2
256,2,127.6,76.9,406.9,392.6,00,1
256,3,250.8,244.2,404.9,390.6,000,2
256,8,129.6,78.9,268.0,229.8,001,2
257,2,126.0,76.7,415.3,402.7,00,1
257,3,253.6,248.5,413.3,400.7,000,2
257,8,128.0,78.7,270.7,234.2,001,2
258,2,125.2,75.2,423.1,414.2,00,1
258,3,254.7,254.0,421.1,412.2,000,2
258,8,127.2,77.2,274.5,237.6,001,2
259,2,121.1,72.0,430.4,423.6,00,1
259,3,255.6,256.9,428.4,421.6,000,2
259,8,123.1,74.0,275.8,240.1,001,2
260,2,114.4,70.2,438.8,433.0,00,1
260,3,257.6,258.7,436.8,431.0,000,2
260,8,116.4,72.2,274.8,244.3,001,2
261,2,108.9,65.6,447.2,442.5,00,1
261,3,258.6,260.5,445.2,440.5,000,2
261,8,110.9,67.6,275.3,246.4,001,2
262,2,101.8,59.3,454.3,452.1,00,1
262,3,257.8,262.1,452.3,450.1,000,2
262,8,103.8,61.3,275.0,247.5,001,2
263,2,93.8,52.1,464.1,462.0,00,1
263,3,257.1,263.2,460.1,460.0,000,2
263,8,95.8,54.1,274.4,248.4,001,2
264,2,84.4,44.8,477.1,473.1,00,1
264,3,256.1,264.6,468.8,471.1,000,2
264,8,86.4,46.8,273.2,250.0,001,2
265,2,73.5,36.3,490.9,485.5,00,1
265,3,253.8,266.4,476.8,483.5,000,2
265,8,75.5,38.3,271.6,251.3,001,2
266,3,250.6,267.9,484.6,496.4,000,1
266,8,63.0,27.9,269.4,251.8,001,1
266,12,84.1,41.1,150.5,124.5,0011,2
267,3,247.7,264.6,493.2,505.0,000,1
267,8,44.8,13.9,263.7,251.1,001,1
267,12,71.2,34.7,140.0,120.9,0011,2
268,3,242.4,260.3,499.5,511.0,000,1
268,7,450.4,385.3,483.0,411.6,0001,2
268,8,23.6,0.0,257.4,247.8,001,1
268,12,56.9,23.5,128.6,113.4,0011,2
269,3,235.3,255.2,504.2,511.0,000,1
269,7,443.2,378.8,475.6,405.0,0001,2
269,8,0.0,0.0,250.5,242.6,001,1
270,3,227.2,247.0,508.4,511.0,000,1
270,7,434.6,370.2,466.7,396.3,0001,2
270,8,0.0,0.0,242.5,234.0,001,1
271,3,217.0,237.4,511.0,511.0,000,1
271,7,425.3,360.2,457.1,386.0,0001,2
272,3,208.4,228.2,511.0,511.0,000,1
272,7,415.9,348.6,447.4,374.1,0001,2
273,3,197.4,219.6,511.0,511.0,000,1
273,4,413.0,365.1,499.2,446.9,0000,2
273,7,404.1,338.4,435.3,363.7,0001,2
274,3,186.4,209.7,511.0,511.0,000,1
274,4,400.2,352.9,484.9,433.6,0000,2
274,7,392.3,326.5,423.2,351.4,0001,2
275,3,175.2,195.8,511.0,511.0,000,1
275,4,389.3,336.9,472.9,416.5,0000,2
275,7,381.6,311.3,412.2,336.1,0001,2
276,3,160.5,183.2,511.0,511.0,000,1
276,4,376.7,323.9,459.3,402.7,0000,2
276,7,369.9,298.4,400.4,323.0,0001,2
277,3,144.2,170.1,511.0,511.0,000,1
277,4,364.5,311.4,446.5,389.8,0000,2
277,7,358.6,286.0,389.2,310.5,0001,2
278,3,129.0,154.0,511.0,511.0,000,1
278,4,354.7,296.1,436.2,374.1,0000,2
278,7,348.8,271.1,379.3,295.7,0001,2
282,3,307.6,215.2,400.3,323.5,000,1
282,4,316.7,242.6,398.3,321.5,0000,2
282,7,312.1,217.2,343.6,242.6,0001,2
283,3,298.5,198.6,391.9,308.0,000,1
283,4,307.8,226.5,389.9,306.0,0000,2
283,7,303.0,200.6,334.9,226.6,0001,2
284,3,290.7,184.3,385.0,295.5,000,1
284,4,300.1,213.0,383.0,293.5,0000,2
284,7,295.6,186.3,328.0,212.9,0001,2
285,3,284.3,171.8,379.8,285.1,000,1
285,4,293.8,201.4,377.8,283.1,0000,2
285,7,289.4,173.8,322.4,201.1,0001,2
286,3,279.3,161.6,376.1,277.3,000,1
286,4,288.7,192.5,374.1,275.3,0000,2
286,7,285.0,163.6,318.8,191.5,0001,2
287,3,274.8,152.4,373.1,270.6,000,1
287,4,284.2,184.3,371.1,268.6,0000,2
287,7,280.9,154.4,315.4,182.9,0001,2
288,3,269.8,143.2,369.8,263.7,000,1
288,4,279.6,175.9,367.8,261.7,0000,2
288,7,275.8,145.2,310.9,174.6,0001,2
289,3,266.3,135.6,367.7,259.1,000,1
289,4,275.9,169.8,365.7,257.1,0000,2
289,7,273.0,137.6,309.0,167.7,0001,2
290,3,261.8,128.0,365.1,254.0,000,1
290,4,271.8,163.0,363.1,252.0,0000,2
290,7,268.4,130.0,305.0,161.1,0001,2
291,3,258.4,122.5,363.5,251.4,000,1
291,4,268.4,158.8,361.5,249.4,0000,2
291,7,265.5,124.5,303.0,156.3,0001,2
292,3,254.0,117.7,361.0,249.1,000,1
292,4,264.4,154.8,359.0,247.1,0000,2
292,7,260.9,119.7,299.1,152.5,0001,2
293,3,251.5,114.7,360.1,249.4,000,1
293,4,261.5,153.3,358.1,247.4,0000,2
293,7,259.3,116.7,298.5,150.1,0001,2
294,3,246.6,111.2,357.3,248.7,000,1
294,4,257.0,150.8,355.3,246.7,0000,2
294,7,254.4,113.2,294.3,147.6,0001,2
295,3,241.8,109.1,354.7,249.2,000,1
295,4,252.6,149.6,352.7,247.2,0000,2
295,7,249.4,111.1,290.0,146.4,0001,2
296,3,238.1,107.7,352.9,250.9,000,1
296,4,248.9,149.6,350.9,248.9,0000,2
296,7,246.1,109.7,287.6,145.9,0001,2
297,3,233.0,106.8,350.2,252.6,000,1
297,4,244.4,149.5,348.2,250.6,0000,2
297,7,240.7,108.8,282.9,146.0,0001,2
298,3,228.7,107.1,348.1,255.7,000,1
298,4,240.4,150.9,346.1,253.7,0000,2
298,7,236.3,109.1,279.3,147.3,0001,2
299,3,223.1,107.9,345.2,259.0,000,1
299,4,235.7,152.3,343.2,257.0,0000,2
299,7,230.3,109.9,273.9,149.2,0001,2
300,3,219.3,109.6,343.7,263.8,000,1
300,4,232.1,155.4,341.7,261.8,0000,2
300,7,226.9,111.6,271.4,151.8,0001,2
301,3,215.7,112.4,342.8,269.8,000,1
301,4,228.9,159.3,340.8,267.8,0000,2
301,7,223.5,114.4,268.9,155.6,0001,2
302,3,212.1,115.3,341.9,276.0,000,1
302,4,225.7,163.4,339.9,274.0,0000,2
302,7,220.2,117.3,266.5,159.4,0001,2
303,3,208.6,117.9,341.4,282.3,000,1
303,4,222.6,167.5,339.4,280.3,0000,2
303,7,217.3,119.9,264.6,163.1,0001,2
304,3,205.6,120.3,341.3,288.9,000,1
304,4,219.8,171.8,339.3,286.9,0000,2
304,7,215.3,122.3,263.8,166.4,0001,2
305,3,201.3,122.7,340.5,295.2,000,1
305,4,216.2,175.8,338.5,293.2,0000,2
305,7,211.5,124.7,261.2,170.0,0001,2
306,3,197.1,126.0,340.2,302.3,000,1
306,4,213.0,180.2,338.2,300.3,0000,2
306,7,207.3,128.0,258.1,174.7,0001,2
307,3,192.9,129.2,340.0,310.1,000,1
307,4,209.5,185.0,338.0,308.1,0000,2
307,7,203.9,131.2,255.9,179.1,0001,2
308,3,188.0,132.6,339.7,318.2,000,1
308,4,205.8,189.9,337.7,316.2,0000,2
308,7,199.7,134.6,253.1,183.9,0001,2
309,3,183.6,135.8,340.0,326.6,000,1
309,4,202.4,194.8,338.0,324.6,0000,2
309,7,196.3,137.8,251.3,188.4,0001,2
310,3,179.6,137.9,340.6,334.9,000,1
310,4,199.1,199.3,338.6,332.9,0000,2
310,7,194.0,139.9,250.8,191.8,0001,2
311,3,176.2,140.5,341.7,344.0,000,1
311,4,196.0,204.2,339.7,342.0,0000,2
311,7,192.3,142.5,250.9,195.7,0001,2
312,3,171.0,141.7,342.8,351.4,000,1
312,4,192.6,207.3,340.8,349.4,0000,2
312,7,187.9,143.7,248.2,198.8,0001,2
313,3,166.2,142.6,344.5,359.0,000,1
313,4,189.6,210.1,342.5,357.0,0000,2
313,7,184.1,144.6,246.4,201.6,0001,2
314,3,161.0,142.9,346.0,366.7,000,1
314,4,186.0,212.8,343.9,364.7,0000,2
314,7,180.5,144.9,245.0,203.8,0001,2
315,3,155.5,142.8,348.7,374.2,000,1
315,4,182.8,214.8,346.2,372.2,0000,2
315,7,176.2,144.8,242.9,205.9,0001,2
316,3,150.9,141.5,352.9,381.9,000,1
316,4,179.9,216.6,349.0,379.9,0000,2
316,7,173.5,143.5,242.8,207.0,0001,2
317,3,146.1,138.9,357.8,388.1,000,1
317,4,177.6,216.6,353.0,386.1,0000,2
317,7,170.0,140.9,241.8,207.1,0001,2
318,3,140.8,136.5,363.3,395.6,000,1
318,4,175.0,217.3,357.1,393.6,0000,2
318,7,166.5,138.5,241.2,207.6,0001,2
319,3,135.2,132.2,369.5,402.0,000,1
319,4,172.4,216.5,361.6,400.0,0000,2
319,7,163.0,134.2,240.8,206.5,0001,2
320,3,128.2,127.4,375.8,408.5,000,1
320,4,169.5,215.2,366.5,406.5,0000,2
320,7,158.2,129.4,239.3,205.3,0001,2
321,3,119.7,122.0,382.2,415.5,000,1
321,4,166.0,213.7,371.3,413.5,0000,2
321,7,152.6,124.0,237.5,203.9,0001,2
322,3,110.6,115.4,389.9,422.8,000,1
322,4,162.3,211.7,376.7,420.8,0000,2
322,7,147.4,117.4,236.6,201.5,0001,2
323,3,100.7,108.2,399.0,430.4,000,1
323,4,159.2,209.1,383.4,428.4,0000,2
323,7,141.3,110.2,235.2,199.2,0001,2
324,3,91.3,103.6,411.3,443.1,000,1
324,4,156.9,210.1,392.2,441.1,0000,2
324,7,137.5,105.6,236.4,199.5,0001,2
325,3,84.0,101.8,429.2,461.2,000,1
325,4,156.7,214.3,404.9,459.2,0000,2
325,7,136.8,103.8,240.9,202.7,0001,2
328,4,156.1,240.4,456.8,511.0,0000,1
328,5,277.6,399.6,446.2,511.0,00000,2
328,6,216.6,278.9,370.8,435.2,00001,2
328,7,133.9,109.9,256.5,226.3,0001,1
329,4,157.1,249.1,482.4,511.0,0000,1
329,6,222.9,290.4,385.4,456.3,00001,2
329,7,132.1,110.8,262.0,234.8,0001,1
330,4,155.4,261.1,510.6,511.0,0000,1
330,6,227.9,304.9,400.4,482.4,00001,2
330,7,130.9,112.6,269.4,244.7,0001,1
331,4,155.8,273.1,511.0,511.0,0000,1
331,6,235.4,320.0,419.6,511.0,00001,2
331,7,130.4,113.6,278.5,255.3,0001,1
332,7,128.6,112.5,287.7,265.4,0001,1
333,7,124.7,106.1,296.6,272.5,0001,1
334,7,118.1,94.1,304.9,276.6,0001,1
335,7,103.5,71.6,310.9,276.7,0001,1
336,7,83.6,39.6,315.5,272.6,0001,1
337,7,60.1,0.0,321.0,263.7,0001,1
338,7,31.7,0.0,327.9,252.1,0001,1
339,7,152.0,98.9,263.5,209.4,0001,1
340,7,164.0,127.2,283.0,244.5,0001,1
341,7,171.8,173.0,333.8,331.1,0001,1
342,7,178.5,192.5,352.5,363.4,0001,1
343,7,203.5,243.8,367.4,406.2,0001,1
344,7,199.7,242.6,374.5,416.7,0001,1
345,7,195.8,240.6,383.4,428.2,0001,1
346,7,193.1,238.5,395.6,441.7,0001,1
347,7,191.0,236.1,410.9,457.9,0001,1
357,7,186.5,220.4,402.0,436.2,0001,1
358,7,186.6,218.7,384.6,416.0,0001,1
359,7,188.2,216.1,371.2,397.7,0001,1
360,7,190.2,212.5,360.6,380.6,0001,1
361,7,191.2,207.5,350.8,363.9,0001,1
362,7,171.0,166.4,342.7,334.6,0001,1
364,7,172.9,132.8,290.8,248.9,0001,1
365,7,0.0,0.0,339.6,217.4,0001,1
366,7,15.8,0.0,328.2,214.7,0001,1
367,7,35.0,0.0,317.4,209.9,0001,1
368,7,54.1,0.0,310.0,206.1,0001,1
369,7,72.2,0.0,304.2,199.7,0001,1
370,7,86.8,0.0,298.0,194.6,0001,1
371,7,98.5,0.0,291.6,189.0,0001,1
372,4,135.2,214.5,511.0,511.0,0000,1
372,6,225.6,265.2,418.9,458.7,00001,2
372,7,109.3,5.2,286.7,183.9,0001,1
373,4,143.4,205.2,511.0,511.0,0000,1
373,6,224.9,252.4,406.9,433.6,00001,2
373,7,117.7,14.4,281.4,178.1,0001,1
374,4,149.5,197.0,502.5,511.0,0000,1
374,5,282.8,378.7,473.0,511.0,00000,2
374,6,223.8,241.5,395.9,412.4,00001,2
374,7,126.5,20.8,278.2,171.7,0001,1
375,4,155.5,190.1,481.8,511.0,0000,1
375,5,279.9,362.2,456.7,511.0,00000,2
375,6,223.6,232.1,387.2,394.3,00001,2
375,7,134.7,26.9,275.9,166.7,0001,1
376,4,161.6,185.2,465.5,504.2,0000,1
376,5,277.3,349.4,443.4,502.2,00000,2
376,6,224.2,225.0,380.3,379.6,00001,2
376,7,145.0,32.9,276.8,162.7,0001,1
379,3,106.4,45.9,468.4,423.1,000,1
379,4,178.4,173.2,432.3,421.1,0000,2
379,7,166.8,47.9,276.2,154.7,0001,2
380,3,117.8,50.4,452.3,406.7,000,1
380,4,181.9,170.3,422.7,404.7,0000,2
380,7,170.9,52.4,274.4,153.1,0001,2
381,3,128.5,54.7,439.3,392.4,000,1
381,4,185.6,168.0,414.8,390.4,0000,2
381,7,175.2,56.7,273.5,151.9,0001,2
382,3,139.3,58.8,429.5,380.4,000,1
382,4,189.5,166.5,408.4,378.4,0000,2
382,7,181.2,60.8,274.7,150.9,0001,2
383,3,148.8,62.7,420.9,369.7,000,1
383,4,193.3,165.4,402.9,367.7,0000,2
383,7,186.6,64.7,275.8,150.2,0001,2
384,3,157.1,66.6,413.4,360.0,000,1
384,4,196.9,164.4,397.9,358.0,0000,2
384,7,191.3,68.6,276.5,149.9,0001,2
385,3,164.1,70.3,406.4,351.1,000,1
385,4,200.3,163.5,393.2,349.1,0000,2
385,7,194.5,72.3,276.0,150.0,0001,2
386,3,168.1,75.5,397.8,344.1,000,1
386,4,202.0,163.8,387.3,342.1,0000,2
386,7,195.5,77.5,273.4,151.7,0001,2
387,3,171.9,78.9,390.3,336.6,000,1
387,4,203.7,163.2,382.1,334.6,0000,2
387,7,196.7,80.9,271.5,152.0,0001,2
388,3,176.0,82.8,384.0,330.9,000,1
388,4,205.4,163.7,377.4,328.9,0000,2
388,7,199.3,84.8,271.2,152.8,0001,2
389,3,179.9,86.4,378.3,325.6,000,1
389,4,206.9,164.2,373.1,323.6,0000,2
389,7,201.8,88.4,271.2,153.5,0001,2
390,3,182.8,89.2,372.9,319.5,000,1
390,4,208.6,163.6,369.1,317.5,0000,2
390,7,202.4,91.2,269.1,154.0,0001,2
391,3,187.4,91.7,369.6,314.5,000,1
391,4,211.1,163.6,366.5,312.5,0000,2
391,7,205.8,93.7,270.2,154.2,0001,2
392,3,189.4,94.2,364.7,309.2,000,1
392,4,212.3,163.0,362.7,307.2,0000,2
392,7,205.9,96.2,268.0,154.7,0001,2
393,3,193.2,98.0,362.3,306.0,000,1
393,4,214.4,164.3,360.3,304.0,0000,2
393,7,208.5,100.0,268.6,156.3,0001,2
394,3,196.2,100.4,359.6,302.3,000,1
394,4,215.9,164.7,357.6,300.3,0000,2
394,7,210.9,102.4,269.1,156.8,0001,2
395,3,199.8,103.2,357.6,299.5,000,1
395,4,217.8,165.8,355.6,297.5,0000,2
395,7,214.1,105.2,270.7,157.6,0001,2
396,3,202.3,106.7,355.5,296.9,000,1
396,4,219.6,166.8,353.5,294.9,0000,2
396,7,215.3,108.7,270.0,159.4,0001,2
397,3,204.8,110.3,353.5,294.7,000,1
397,4,221.2,168.1,351.5,292.7,0000,2
397,7,216.6,112.3,269.7,161.4,0001,2
398,3,207.3,114.6,351.6,293.9,000,1
398,4,222.8,170.4,349.6,291.9,0000,2
398,7,218.4,116.6,270.0,164.1,0001,2
399,3,208.3,119.5,348.8,293.5,000,1
399,4,223.3,173.1,346.8,291.5,0000,2
399,7,218.6,121.5,268.7,167.4,0001,2
400,3,210.3,125.1,346.9,294.3,000,1
400,4,224.5,176.7,344.9,292.3,0000,2
400,7,220.0,127.1,268.7,171.4,0001,2
401,3,212.1,130.4,345.0,295.5,000,1
401,4,225.5,180.5,343.0,293.5,0000,2
401,7,221.7,132.4,269.3,175.1,0001,2
402,3,212.6,135.4,342.5,295.8,000,1
402,4,225.9,183.3,340.5,293.8,0000,2
402,7,221.3,137.4,267.5,178.9,0001,2
403,3,213.4,140.1,340.2,296.4,000,1
403,4,226.3,186.3,338.2,294.4,0000,2
403,7,221.6,142.1,266.7,182.3,0001,2
404,3,213.7,144.3,337.6,297.0,000,1
404,4,226.2,189.3,335.6,295.0,0000,2
404,7,221.9,146.3,265.9,185.3,0001,2
405,3,214.4,149.4,335.4,298.5,000,1
405,4,226.4,193.0,333.4,296.5,0000,2
405,7,222.4,151.4,265.5,189.1,0001,2
406,3,214.9,154.7,333.3,300.3,000,1
406,4,226.6,196.7,331.3,298.3,0000,2
406,7,222.5,156.7,264.6,193.2,0001,2
407,3,215.0,159.0,331.0,301.4,000,1
407,4,226.4,199.9,329.0,299.4,0000,2
407,7,222.7,161.0,263.9,196.4,0001,2
408,3,215.4,163.0,328.8,302.7,000,1
408,4,226.2,203.1,326.8,300.7,0000,2
408,7,223.4,165.0,263.9,199.4,0001,2
409,3,215.6,166.7,326.6,303.6,000,1
409,4,226.1,205.7,324.6,301.6,0000,2
409,7,223.6,168.7,263.3,202.0,0001,2
410,3,215.8,169.8,324.5,303.9,000,1
410,4,225.9,207.9,322.5,301.9,0000,2
410,7,223.8,171.8,262.8,204.2,0001,2
411,3,216.0,172.7,322.5,304.4,000,1
411,4,225.7,210.0,320.5,302.4,0000,2
411,7,224.3,174.7,262.5,206.2,0001,2
412,3,215.8,175.0,320.2,304.1,000,1
412,4,225.3,211.5,318.2,302.1,0000,2
412,7,223.9,177.0,261.4,207.8,0001,2
413,3,215.4,177.2,318.0,303.7,000,1
413,4,224.8,212.8,316.0,301.7,0000,2
413,7,223.4,179.2,260.2,209.2,0001,2
414,3,215.6,179.8,316.2,304.0,000,1
414,4,224.7,214.7,314.2,302.0,0000,2
414,7,223.7,181.8,259.9,211.0,0001,2
415,3,215.7,182.8,314.5,304.8,000,1
415,4,224.6,216.9,312.5,302.8,0000,2
415,7,223.8,184.8,259.3,213.4,0001,2
416,3,215.8,185.9,312.9,305.5,000,1
416,4,224.5,219.0,310.9,303.5,0000,2
416,7,223.6,187.9,258.4,215.7,0001,2
417,3,216.1,188.5,311.3,306.2,000,1
417,4,224.5,221.1,309.3,304.2,0000,2
417,7,224.2,190.5,258.5,217.6,0001,2
418,3,215.9,190.7,309.5,306.3,000,1
418,4,224.1,222.6,307.5,304.3,0000,2
418,7,224.0,192.7,257.7,219.2,0001,2
419,3,215.9,193.1,307.8,307.0,000,1
419,4,223.8,224.5,305.8,305.0,0000,2
419,7,224.1,195.1,257.3,221.0,0001,2
420,3,216.1,196.0,306.6,307.9,000,1
420,4,223.9,226.7,304.6,305.9,0000,2
420,7,224.1,198.0,256.7,223.3,0001,2
421,3,216.4,198.7,305.3,308.9,000,1
421,4,223.9,228.8,303.3,306.9,0000,2
421,7,224.6,200.7,256.7,225.4,0001,2
425,3,26.5,141.5,472.9,511.0,000,1
425,4,272.1,289.2,349.0,365.0,0000,2
425,7,272.1,262.6,302.4,286.0,0001,2
426,3,44.1,150.5,459.2,511.0,000,1
426,4,279.3,297.3,355.7,372.7,0000,2
426,7,279.0,270.9,308.9,294.2,0001,2
427,3,58.0,158.5,445.4,511.0,000,1
427,4,284.6,304.5,360.4,379.3,0000,2
427,7,284.3,278.1,313.9,301.2,0001,2
428,3,70.5,164.6,433.2,511.0,000,1
428,4,289.3,309.9,364.5,384.0,0000,2
428,7,288.7,283.5,318.1,306.6,0001,2
429,3,79.1,168.3,420.4,510.8,000,1
429,4,292.1,314.5,366.6,388.0,0000,2
429,7,291.7,288.1,320.8,310.9,0001,2
430,3,84.6,171.0,406.9,491.8,000,1
430,4,293.8,317.9,367.6,390.7,0000,2
430,7,293.5,291.6,322.3,314.2,0001,2
431,3,87.8,170.7,393.6,472.5,000,1
431,4,295.1,319.5,368.3,391.6,0000,2
431,7,294.6,293.3,323.2,315.8,0001,2
432,3,90.9,170.2,381.3,454.8,000,1
432,4,296.5,320.1,368.8,391.3,0000,2
432,7,295.5,294.0,323.7,316.5,0001,2
433,3,93.0,169.5,370.2,438.2,000,1
433,4,296.6,320.6,368.2,390.9,0000,2
433,7,295.6,294.6,323.5,317.0,0001,2
434,3,97.0,170.7,370.3,425.1,000,1
434,4,297.7,320.4,368.3,389.8,0000,2
434,7,296.1,294.7,323.7,317.0,0001,2
435,3,99.1,171.8,369.3,413.2,000,1
435,4,297.5,320.4,367.3,388.9,0000,2
435,7,295.7,294.9,323.0,317.0,0001,2
436,3,100.4,171.4,368.1,401.1,000,1
436,4,297.2,319.5,366.1,387.0,0000,2
436,7,295.1,294.2,322.0,316.2,0001,2
437,3,100.8,170.7,365.3,389.4,000,1
437,4,295.3,319.4,363.3,386.0,0000,2
437,7,293.5,294.1,320.2,315.9,0001,2
438,3,101.0,170.5,362.1,387.2,000,1
438,4,293.0,319.5,360.1,385.2,0000,2
438,7,291.6,294.2,318.1,315.8,0001,2
439,3,101.6,170.8,318.4,370.6,000,1
439,7,290.3,293.4,316.4,314.7,0001,2
440,2,0.0,0.0,329.7,364.8,00,1
440,3,102.2,171.2,305.7,362.8,000,2
441,2,0.0,0.0,315.7,358.1,00,1
441,3,102.6,171.9,298.3,356.1,000,2
442,2,0.0,0.0,304.3,352.5,00,1
442,3,102.8,173.3,291.5,350.5,000,2
443,2,0.0,0.0,296.3,347.0,00,1
443,3,104.0,174.4,286.2,345.0,000,2
444,2,0.0,0.0,287.0,341.7,00,1
444,3,103.8,175.2,280.0,339.7,000,2
445,2,0.0,0.0,279.1,336.5,00,1
445,3,105.4,175.7,275.5,334.5,000,2
446,2,0.0,0.0,273.2,332.3,00,1
446,3,106.6,176.8,271.2,330.3,000,2
447,2,0.0,0.0,268.2,327.1,00,1
447,3,106.6,176.6,266.2,325.1,000,2
448,2,0.0,7.4,263.1,322.5,00,1
448,3,106.4,176.5,261.1,320.5,000,2
449,2,0.0,15.9,259.1,318.9,00,1
449,3,107.0,177.3,257.1,316.9,000,2
450,2,0.0,23.2,255.8,315.3,00,1
450,3,107.8,177.8,253.8,313.3,000,2
451,2,0.0,32.6,252.3,313.4,00,1
451,3,108.7,179.6,250.3,311.4,000,2
452,2,0.0,38.8,249.2,310.2,00,1
452,3,109.4,180.2,247.2,308.2,000,2
453,2,1.6,45.7,246.2,307.8,00,1
453,3,110.1,181.2,244.2,305.8,000,2
454,2,5.2,52.7,243.0,306.1,00,1
454,3,110.5,182.6,241.0,304.1,000,2
455,2,8.4,59.1,239.4,304.6,00,1
455,3,110.1,184.0,237.4,302.6,000,2
456,2,0.0,26.9,236.8,303.5,00,1
456,3,110.6,185.8,234.8,301.5,000,2
456,8,0.0,28.9,127.3,166.0,001,2
457,2,0.0,32.2,234.4,301.7,00,1
457,3,111.0,186.7,232.4,299.7,000,2
457,8,0.0,34.2,128.6,166.9,001,2
458,2,1.8,40.7,232.9,302.1,00,1
458,3,112.4,189.6,230.9,300.1,000,2
458,8,3.8,42.7,128.9,171.0,001,2
459,2,5.0,47.5,230.6,301.5,00,1
459,3,113.0,191.5,228.6,299.5,000,2
459,8,7.0,49.5,128.5,173.9,001,2
460,2,6.3,58.1,228.7,303.3,00,1
460,3,114.1,195.3,226.7,301.3,000,2
460,8,8.3,60.1,126.2,180.8,001,2
461,2,12.4,61.5,227.7,301.6,00,1
461,3,115.3,196.0,225.7,299.6,000,2
461,8,14.4,63.5,128.9,180.7,001,2
462,2,15.0,68.8,226.3,301.7,00,1
462,3,116.5,198.2,224.3,299.7,000,2
462,8,17.0,70.8,128.2,184.7,001,2
463,2,20.0,72.0,225.3,300.0,00,1
463,3,117.7,198.7,223.3,298.0,000,2
463,8,22.0,74.0,130.2,184.8,001,2
464,2,24.6,75.5,224.5,298.5,00,1
464,3,119.0,199.3,222.5,296.5,000,2
464,8,26.6,77.5,131.9,185.3,001,2
465,2,29.0,79.2,224.2,297.0,00,1
465,3,120.8,199.8,222.2,295.0,000,2
465,8,31.0,81.2,133.4,186.3,001,2
466,2,33.2,83.6,223.9,296.3,00,1
466,3,122.5,201.0,221.9,294.3,000,2
466,8,35.2,85.6,134.7,188.0,001,2
467,2,38.3,87.0,224.2,295.3,00,1
467,3,124.7,201.8,222.2,293.3,000,2
467,8,40.3,89.0,137.2,188.8,001,2
468,2,42.5,91.7,224.5,295.0,00,1
468,3,126.9,203.2,222.5,293.0,000,2
468,8,44.5,93.7,138.7,191.0,001,2
469,2,47.8,94.2,225.1,293.7,00,1
469,3,129.2,203.7,223.1,291.7,000,2
469,8,49.8,96.2,141.7,191.2,001,2
470,2,54.0,95.7,226.2,291.9,00,1
470,3,131.8,203.7,224.2,289.9,000,2
470,8,56.0,97.7,145.8,190.3,001,2
471,2,58.7,98.9,227.0,291.3,00,1
471,3,134.3,204.6,225.0,289.3,000,2
471,8,60.7,100.9,148.3,191.4,001,2
472,2,62.6,102.5,227.8,290.7,00,1
472,3,136.7,205.5,225.8,288.7,000,2
472,8,64.6,104.5,149.9,193.1,001,2
473,2,67.5,104.2,228.7,289.2,00,1
473,3,139.1,205.5,226.7,287.2,000,2
473,8,69.5,106.2,152.9,192.8,001,2
474,2,70.7,108.5,229.3,289.4,00,1
474,3,141.2,207.0,227.3,287.4,000,2
474,8,72.7,110.5,154.0,195.3,001,2
475,2,75.2,109.9,230.1,287.8,00,1
475,3,143.5,206.9,228.1,285.8,000,2
475,8,77.2,111.9,156.7,194.9,001,2
476,2,78.3,113.4,230.7,287.6,00,1
476,3,145.5,208.0,228.7,285.6,000,2
476,8,80.3,115.4,157.9,196.8,001,2
477,2,82.3,115.4,231.5,286.7,00,1
477,3,147.5,208.4,229.5,284.7,000,2
477,8,84.3,117.4,160.2,197.2,001,2
478,2,86.5,116.3,232.3,285.1,00,1
478,3,149.6,208.1,230.3,283.1,000,2
478,8,88.5,118.3,162.9,196.4,001,2
479,2,89.8,118.3,232.9,284.2,00,1
479,3,151.5,208.4,230.9,282.2,000,2
479,8,91.8,120.3,164.6,197.0,001,2
480,2,92.5,120.9,233.5,283.6,00,1
480,3,153.3,209.0,231.5,281.6,000,2
480,8,94.5,122.9,165.7,198.3,001,2
481,2,95.7,122.5,234.1,282.6,00,1
481,3,155.1,209.1,232.1,280.6,000,2
481,8,97.7,124.5,167.4,198.5,001,2
482,2,99.0,123.7,234.8,281.5,00,1
482,3,156.9,209.1,232.8,279.5,000,2
482,8,101.0,125.7,169.5,198.4,001,2
483,2,102.6,125.0,235.5,280.6,00,1
483,3,158.6,209.3,233.5,278.6,000,2
483,8,104.6,127.0,171.8,198.2,001,2
484,2,105.3,127.8,235.9,280.8,00,1
484,3,160.2,210.5,233.9,278.8,000,2
484,8,107.3,129.8,173.1,199.7,001,2
485,2,123.1,156.7,236.5,280.7,00,1
485,3,161.7,211.4,234.5,278.7,000,2
486,2,124.8,159.8,236.7,281.5,00,1
486,3,163.1,213.0,234.7,279.5,000,2
487,2,127.5,161.5,237.3,281.3,00,1
487,3,164.6,213.7,235.3,279.3,000,2
488,2,129.7,163.8,237.7,281.6,00,1
488,3,166.0,214.9,235.7,279.6,000,2
489,2,132.0,165.8,238.2,281.7,00,1
489,3,167.4,215.9,236.2,279.7,000,2
490,2,133.8,168.6,238.5,282.5,00,1
490,3,168.6,217.4,236.5,280.5,000,2
491,2,135.8,170.8,238.9,282.8,00,1
491,3,169.9,218.6,236.9,280.8,000,2
492,2,137.3,173.1,239.0,283.3,00,1
492,3,170.9,219.8,237.0,281.3,000,2
493,2,138.5,175.5,238.9,283.9,00,1
493,3,171.7,221.1,236.9,281.9,000,2
494,2,139.8,177.6,238.9,284.3,00,1
494,3,172.5,222.3,236.9,282.3,000,2
495,2,140.7,180.0,238.8,284.8,00,1
495,3,173.4,223.5,236.8,282.8,000,2
496,2,141.9,181.6,238.8,284.8,00,1
496,3,174.2,224.2,236.8,282.8,000,2
497,2,143.3,183.1,238.9,284.9,00,1
497,3,175.0,225.0,236.9,282.9,000,2
498,2,144.7,184.8,239.0,285.2,00,1
498,3,175.9,226.0,237.0,283.2,000,2
499,2,146.8,185.7,239.4,284.8,00,1
499,3,177.0,226.3,237.4,282.8,000,2
500,2,148.6,186.7,239.8,284.7,00,1
500,3,178.1,226.8,237.8,282.7,000,2
501,2,150.1,188.1,240.2,284.7,00,1
501,3,179.1,227.5,238.2,282.7,000,2
502,2,151.6,189.5,240.5,284.7,00,1
502,3,180.2,228.1,238.5,282.7,000,2
503,2,153.2,190.2,240.9,284.3,00,1
503,3,181.2,228.3,238.9,282.3,000,2
504,2,155.1,191.7,241.8,284.4,00,1
504,3,182.8,229.1,239.8,282.4,000,2
505,2,157.3,192.5,242.7,284.2,00,1
505,3,184.3,229.4,240.7,282.2,000,2
506,2,159.4,193.2,243.6,283.8,00,1
506,3,185.8,229.6,241.6,281.8,000,2
507,2,161.3,194.2,244.5,283.7,00,1
507,3,187.3,230.1,242.5,281.7,000,2
508,2,163.1,195.4,245.4,283.7,00,1
508,3,188.7,230.7,243.4,281.7,000,2
509,2,164.9,196.1,246.2,283.4,00,1
509,3,190.1,230.9,244.2,281.4,000,2
510,2,167.2,195.9,247.3,282.4,00,1
510,3,191.7,230.4,245.3,280.4,000,2
511,2,169.5,195.9,248.7,281.5,00,1
511,3,193.7,230.0,246.7,279.5,000,2
512,2,171.9,195.8,250.1,280.5,00,1
512,3,195.6,229.6,248.1,278.5,000,2
513,2,174.4,196.3,251.5,280.1,00,1
513,3,197.4,229.7,249.5,278.1,000,2
514,2,176.8,196.9,252.8,279.9,00,1
514,3,199.3,230.0,250.8,277.9,000,2
515,2,179.2,197.5,254.2,279.7,00,1
515,3,201.1,230.2,252.2,277.7,000,2
516,2,181.6,198.1,255.6,279.4,00,1
516,3,203.0,230.4,253.6,277.4,000,2
517,2,183.3,198.5,257.3,279.3,00,1
517,3,205.1,230.7,255.3,277.3,000,2
518,2,193.4,206.2,259.5,279.5,00,1
518,3,207.5,231.3,257.3,277.5,000,2
519,2,196.5,206.8,261.8,279.3,00,1
519,3,209.8,231.5,259.2,277.3,000,2
520,2,199.9,207.4,264.4,279.3,00,1
520,3,212.4,231.8,261.5,277.3,000,2
521,2,203.4,208.1,276.1,282.6,00,1
521,3,214.3,232.7,262.9,277.8,000,2
522,2,206.3,209.2,278.2,282.9,00,1
522,3,216.4,233.3,264.7,278.0,000,2
523,2,209.5,210.3,280.6,283.2,00,1
523,3,218.8,234.0,266.7,278.3,000,2
524,2,220.4,215.5,289.9,288.8,00,1
525,2,223.6,216.9,292.2,289.5,00,1
526,2,226.5,218.2,294.2,290.0,00,1
527,2,228.9,219.2,295.9,290.2,00,1
528,2,231.1,220.4,297.3,290.6,00,1
529,2,233.2,221.7,298.4,291.2,00,1
530,2,234.9,223.0,299.4,291.7,00,1
531,2,236.5,224.5,300.3,292.4,00,1
532,2,244.2,227.3,310.4,297.3,00,1
533,2,245.5,228.9,310.9,298.2,00,1
534,2,246.6,230.3,311.3,298.8,00,1
535,2,247.8,231.6,311.7,299.2,00,1
536,2,248.7,232.2,311.9,299.1,00,1
537,2,249.4,233.5,311.9,299.7,00,1
538,2,250.1,234.9,311.9,300.4,00,1
539,2,250.8,236.1,311.9,300.9,00,1
540,2,251.5,237.4,312.0,301.5,00,1
541,2,252.3,238.7,312.1,302.1,00,1
542,2,252.8,240.2,312.0,303.0,00,1
543,2,253.2,241.7,311.8,303.8,00,1
552,13,388.8,136.4,511.0,325.2,01,1
552,14,390.8,165.6,511.0,304.8,010,2
553,13,350.5,137.3,511.0,304.5,01,1
553,14,352.5,161.5,485.1,298.4,010,2
554,13,319.0,135.8,511.0,301.4,01,1
554,14,321.0,160.0,449.9,295.9,010,2
555,13,293.3,130.9,511.0,301.2,01,1
555,14,295.3,159.5,422.4,295.6,010,2
555,19,453.8,132.9,511.0,270.4,011,2
556,13,271.7,130.7,510.4,300.7,01,1
556,14,273.7,158.4,400.3,295.4,010,2
556,19,431.1,132.7,508.4,269.6,011,2
557,13,253.5,131.4,491.5,301.8,01,1
557,14,255.5,158.3,382.6,296.5,010,2
557,19,413.1,133.4,489.5,270.4,011,2
558,13,238.1,131.4,476.6,303.3,01,1
558,14,240.1,158.5,368.3,298.3,010,2
558,19,398.6,133.4,474.6,271.2,011,2
559,13,225.6,131.7,465.9,305.5,01,1
559,14,227.6,159.0,357.5,300.6,010,2
559,19,387.7,133.7,463.9,272.6,011,2
560,13,216.0,133.4,458.9,309.1,01,1
560,14,218.0,160.3,349.6,303.9,010,2
560,19,380.1,135.4,456.9,276.0,011,2
561,13,208.8,135.8,455.3,314.0,01,1
561,14,210.8,162.3,344.2,308.1,010,2
561,19,375.3,138.9,453.3,281.3,011,2
562,13,202.6,136.1,452.9,317.7,01,1
562,14,204.6,164.0,340.4,312.0,010,2
562,19,371.6,139.0,450.9,283.6,011,2
563,13,198.2,136.8,452.8,322.1,01,1
563,14,200.2,165.7,338.3,316.1,010,2
563,19,369.9,140.2,450.8,287.3,011,2
564,13,194.7,138.2,454.2,327.3,01,1
564,14,196.7,167.9,337.2,320.8,010,2
564,19,369.4,142.3,452.2,292.0,011,2
565,13,191.8,138.6,456.3,331.8,01,1
565,14,193.8,169.9,337.0,325.4,010,2
565,19,369.4,142.2,454.3,294.9,011,2
566,13,189.7,139.8,459.7,337.4,01,1
566,14,191.7,172.1,337.6,330.4,010,2
566,19,370.5,144.0,457.7,299.8,011,2
567,13,188.4,140.7,464.6,342.9,01,1
567,14,190.4,174.4,339.1,335.5,010,2
567,19,372.6,145.0,462.6,304.1,011,2
568,13,187.6,140.7,470.3,347.8,01,1
568,14,189.6,176.2,341.3,340.3,010,2
568,19,375.0,144.8,468.3,307.4,011,2
569,13,186.9,140.8,476.7,353.1,01,1
569,14,188.9,178.0,343.5,345.2,010,2
569,19,377.8,145.2,474.7,311.5,011,2
570,13,186.0,141.5,483.3,359.2,01,1
570,14,188.0,179.9,345.5,350.5,010,2
570,19,380.6,146.5,481.3,316.6,011,2
571,13,184.9,141.9,490.2,365.3,01,1
571,14,186.9,181.7,347.4,355.7,010,2
571,19,383.5,147.7,488.2,321.7,011,2
572,13,183.1,141.6,496.8,371.1,01,1
572,14,185.1,182.8,348.6,360.5,010,2
572,19,385.6,148.3,494.8,326.4,011,2
573,13,180.3,140.5,502.2,376.2,01,1
573,14,182.3,183.6,349.2,365.0,010,2
573,19,386.7,147.3,500.2,329.5,011,2
574,13,176.8,138.6,507.4,380.8,01,1
574,14,178.8,183.8,349.4,369.1,010,2
574,19,387.3,145.1,505.4,331.7,011,2
575,13,173.0,137.0,511.0,386.1,01,1
575,14,175.0,183.8,349.2,373.2,010,2
575,19,388.1,144.4,510.8,335.5,011,2
576,13,169.2,135.4,511.0,391.9,01,1
576,14,171.2,183.4,348.9,377.2,010,2
576,19,389.1,144.5,511.0,340.2,011,2
577,13,164.7,133.1,511.0,397.3,01,1
577,14,166.7,182.5,348.1,380.8,010,2
577,19,389.6,143.9,511.0,344.4,011,2
578,13,159.3,129.0,511.0,401.3,01,1
578,14,161.3,180.9,346.9,383.9,010,2
578,19,389.1,140.1,511.0,345.6,011,2
579,13,153.4,123.7,511.0,404.4,01,1
579,14,155.4,178.9,345.8,386.6,010,2
579,19,388.1,134.2,511.0,344.9,011,2
580,13,146.8,118.1,511.0,407.8,01,1
580,14,148.8,176.4,344.0,389.2,010,2
580,19,386.9,129.1,511.0,345.2,011,2
581,13,139.6,113.1,511.0,412.6,01,1
581,14,141.6,173.1,341.3,391.4,010,2
581,19,386.0,126.9,511.0,348.6,011,2
582,13,131.8,107.8,511.0,417.6,01,1
582,14,133.8,170.2,338.7,394.2,010,2
582,19,384.6,123.3,511.0,351.1,011,2
583,13,123.6,101.2,511.0,422.1,01,1
583,14,125.6,166.2,335.9,396.2,010,2
583,19,383.3,119.1,511.0,353.4,011,2
584,13,115.2,94.5,511.0,427.5,01,1
584,14,117.2,161.6,333.0,398.2,010,2
584,19,382.2,116.3,511.0,357.7,011,2
585,14,108.5,157.8,330.8,401.0,010,2
585,19,381.1,109.8,511.0,358.3,011,2
586,14,99.4,153.7,328.5,404.1,010,2
586,19,380.0,103.2,511.0,359.4,011,2
587,14,89.1,149.0,325.7,407.0,010,2
587,19,378.4,96.4,511.0,360.8,011,2
588,14,77.9,143.8,322.8,409.8,010,2
588,19,376.8,87.5,511.0,360.7,011,2
589,14,66.2,137.2,319.7,412.0,010,2
589,19,375.6,81.0,511.0,363.9,011,2
590,14,53.7,132.1,317.2,416.1,010,1
590,15,110.9,251.6,172.4,306.4,0100,2
590,18,130.8,188.6,175.9,226.3,0101,2
590,19,374.2,70.3,511.0,363.6,011,1
591,14,40.4,127.9,314.6,421.8,010,1
591,15,104.1,251.4,166.8,307.0,0100,2
591,18,123.9,187.3,169.9,225.6,0101,2
591,19,373.0,60.9,511.0,365.8,011,1
592,14,26.4,122.7,312.0,427.5,010,1
592,15,97.1,250.1,161.1,306.6,0100,2
592,18,117.6,185.0,164.5,224.0,0101,2
593,14,11.1,116.9,309.3,433.4,010,1
593,15,90.1,249.3,155.3,306.7,0100,2
593,18,111.0,183.1,158.8,222.7,0101,2
594,14,0.0,111.2,306.6,440.2,010,1
594,15,82.8,249.2,149.4,307.6,0100,2
594,18,104.1,181.9,152.9,222.2,0101,2
595,14,0.0,104.6,303.5,447.5,010,1
595,15,74.9,248.1,143.0,307.6,0100,2
595,18,97.7,179.7,147.4,220.9,0101,2
596,14,0.0,100.7,300.3,458.4,010,1
596,15,67.1,251.2,136.8,311.6,0100,2
596,18,89.6,181.4,140.4,223.3,0101,2
597,14,0.0,95.4,299.7,468.8,010,1
597,15,62.0,252.8,133.1,314.2,0100,2
597,18,84.9,181.9,136.5,224.4,0101,2
598,14,0.0,88.6,301.1,479.1,010,1
598,15,59.3,253.1,131.6,315.4,0100,2
598,18,82.9,181.3,135.3,224.4,0101,2
599,14,0.0,82.1,305.1,490.9,010,1
599,15,59.3,254.0,132.5,317.1,0100,2
599,18,83.2,181.1,136.1,224.9,0101,2
600,14,0.0,76.6,311.7,505.5,010,1
600,15,61.5,255.5,135.5,319.4,0100,2
600,18,85.2,181.8,138.6,226.1,0101,2
601,14,0.0,68.2,319.9,511.0,010,1
601,15,65.5,254.5,140.0,319.1,0100,2
601,18,89.8,180.0,143.6,224.8,0101,2
612,14,155.4,142.6,295.0,302.5,010,1
612,15,186.1,229.2,263.9,300.5,0100,2
612,18,207.3,144.6,264.7,195.6,0101,2
613,14,169.7,135.6,311.7,298.3,010,1
613,15,200.8,224.0,279.6,296.3,0100,2
613,18,222.1,137.6,280.5,189.8,0101,2
614,14,182.0,129.0,326.8,294.8,010,1
614,15,213.6,219.3,293.6,292.8,0100,2
614,18,235.1,131.0,294.7,184.4,0101,2
615,14,192.3,122.4,340.5,291.6,010,1
615,15,224.7,214.9,306.0,289.6,0100,2
615,18,245.8,124.4,306.7,179.0,0101,2
616,14,200.9,116.6,352.6,289.3,010,1
616,15,233.9,211.2,316.8,287.3,0100,2
616,18,255.4,118.6,317.7,174.6,0101,2
617,14,208.9,110.5,364.4,286.9,010,1
617,15,242.2,207.4,326.7,284.9,0100,2
617,18,264.5,112.5,328.2,170.0,0101,2
618,14,216.0,105.3,375.7,285.4,010,1
618,15,249.2,204.4,335.5,283.4,0100,2
618,18,273.2,107.3,338.4,166.4,0101,2
619,14,221.0,100.5,385.0,284.5,010,1
619,15,254.5,202.0,342.5,282.5,0100,2
619,18,279.2,102.5,346.0,163.2,0101,2
620,14,224.5,96.4,392.9,284.2,010,1
620,15,258.2,200.2,348.1,282.2,0100,2
620,18,284.2,98.4,352.5,160.6,0101,2
621,14,226.3,93.2,399.1,284.9,010,1
621,15,260.2,199.3,351.8,282.9,0100,2
621,18,287.6,95.2,357.4,159.2,0101,2
622,14,225.9,90.1,403.4,285.8,010,1
622,15,260.9,198.6,354.3,283.8,0100,2
622,18,288.0,92.1,359.3,157.5,0101,2
623,14,225.2,87.0,407.5,286.8,010,1
623,15,261.2,198.0,356.4,284.8,0100,2
623,18,288.2,89.0,361.0,156.0,0101,2
624,14,222.3,84.3,409.4,288.2,010,1
624,15,259.8,197.9,356.9,286.2,0100,2
624,18,285.7,86.3,360.1,154.7,0101,2
625,14,220.3,81.5,412.4,289.6,010,1
625,15,258.9,197.7,357.7,287.6,0100,2
625,18,284.3,83.5,360.2,153.6,0101,2
626,14,217.6,79.6,414.9,292.0,010,1
626,15,257.0,198.3,357.8,290.0,0100,2
626,18,283.0,81.6,360.3,153.3,0101,2
627,14,214.7,78.7,417.3,295.4,010,1
627,15,254.9,199.9,357.7,293.4,0100,2
627,18,281.6,80.7,360.5,154.1,0101,2
628,14,211.8,77.2,420.1,298.5,010,1
628,15,252.6,201.1,357.5,296.5,0100,2
628,18,280.5,79.2,361.0,154.5,0101,2
629,14,207.8,75.6,422.0,301.7,010,1
629,15,250.0,202.3,357.2,299.7,0100,2
629,18,277.5,77.6,359.7,154.7,0101,2
630,14,203.4,73.9,424.0,305.0,010,1
630,15,247.3,203.6,356.9,303.0,0100,2
630,18,274.1,75.9,358.1,154.8,0101,2
631,14,198.8,71.2,426.0,308.5,010,1
631,15,244.3,205.0,356.4,306.5,0100,2
631,18,271.1,74.2,356.9,155.1,0101,2
632,14,194.6,67.5,428.8,312.3,010,1
632,15,241.5,206.4,356.1,310.3,0100,2
632,18,268.9,72.4,356.6,155.4,0101,2
633,14,191.4,63.6,433.3,316.3,010,1
633,15,239.3,207.9,356.7,314.3,0100,2
633,18,267.9,70.5,357.6,155.9,0101,2
634,14,186.1,58.2,436.0,319.5,010,1
634,15,237.4,208.8,357.9,317.5,0100,2
634,18,263.0,67.3,354.9,155.0,0101,2
635,14,181.8,54.4,440.3,324.6,010,1
635,15,234.7,211.1,358.3,322.6,0100,2
635,18,261.1,65.9,355.2,156.1,0101,2
636,14,176.5,50.6,444.1,330.0,010,1
636,15,231.8,213.5,358.6,328.0,0100,2
636,18,258.0,64.5,354.4,157.1,0101,2
637,14,171.0,46.4,448.3,335.9,010,1
637,15,228.3,216.1,358.6,333.9,0100,2
637,18,255.6,63.0,354.5,158.4,0101,2
638,14,165.4,41.5,453.4,341.9,010,1
638,15,224.8,218.5,358.6,339.9,0100,2
638,18,253.7,61.3,355.2,159.5,0101,2
639,14,159.3,35.6,458.7,347.7,010,1
639,15,221.2,220.7,359.0,345.7,0100,2
639,18,251.1,58.9,355.4,160.2,0101,2
640,14,152.6,28.5,464.5,353.6,010,1
640,15,217.9,222.7,359.9,351.6,0100,2
640,18,247.8,55.8,355.0,160.4,0101,2
641,14,146.5,21.1,472.0,360.0,010,1
641,15,215.1,224.9,361.5,358.0,0100,2
641,18,245.1,52.8,355.4,160.9,0101,2
642,14,140.5,13.3,481.3,367.4,010,1
642,15,211.6,227.6,362.6,365.4,0100,2
642,18,243.8,50.3,357.3,162.0,0101,2
643,14,132.7,4.9,489.6,375.4,010,1
643,15,206.7,230.7,362.8,373.4,0100,2
643,18,241.2,47.7,358.1,163.3,0101,2
644,14,123.8,0.0,498.6,384.0,010,1
644,15,201.8,233.9,363.2,382.0,0100,2
644,18,237.6,45.0,358.1,164.7,0101,2
645,14,114.9,0.0,509.5,393.9,010,1
645,15,195.5,237.7,362.7,391.9,0100,2
645,18,235.7,43.0,360.0,166.8,0101,2
646,14,103.8,0.0,511.0,404.2,010,1
646,15,189.2,241.7,362.7,402.2,0100,2
646,18,231.2,40.3,359.4,168.6,0101,2
647,15,179.2,246.1,363.8,419.3,0100,1
647,16,211.7,329.4,297.3,417.3,01000,2
647,17,181.2,306.5,239.1,369.4,01001,2
647,18,226.0,37.5,358.4,170.6,0101,1
648,15,171.5,251.3,363.3,429.5,0100,1
648,16,204.6,337.0,292.4,427.5,01000,2
648,17,173.5,313.2,233.2,377.7,01001,2
648,18,223.0,35.7,359.7,173.8,0101,1
649,15,164.0,257.5,363.5,441.8,0100,1
649,16,198.0,345.8,288.1,439.3,01000,2
649,17,166.0,321.6,227.5,388.0,01001,2
649,18,217.6,34.2,358.8,177.4,0101,1
650,15,156.8,265.7,364.6,460.2,0100,1
650,16,192.1,356.3,284.6,453.1,01000,2
650,17,158.8,331.9,222.1,400.9,01001,2
650,18,210.2,34.1,356.4,182.5,0101,1
651,15,149.2,269.5,365.0,474.9,0100,1
651,16,185.6,362.4,280.6,462.2,01000,2
651,17,151.2,337.7,216.4,408.7,01001,2
651,18,203.5,28.0,355.5,183.1,0101,1
652,15,141.8,269.8,367.4,486.5,0100,1
652,16,181.1,364.8,278.2,467.3,01000,2
652,17,145.5,340.0,212.4,413.1,01001,2
652,18,196.8,16.1,355.6,179.5,0101,1
653,15,132.1,266.6,368.6,495.2,0100,1
653,16,174.5,363.5,273.8,468.2,01000,2
653,17,138.1,337.9,207.2,412.3,01001,2
653,18,193.9,0.0,360.7,173.0,0101,1
654,15,122.9,260.8,371.1,501.9,0100,1
654,16,169.8,359.7,271.1,466.3,01000,2
654,17,132.4,333.7,203.4,409.4,01001,2
654,18,189.1,0.0,365.1,163.0,0101,1
655,15,113.5,252.7,374.3,507.0,0100,1
655,16,165.4,353.5,268.6,461.7,01000,2
655,17,127.0,326.9,200.0,403.7,01001,2
655,18,185.6,0.0,372.5,150.2,0101,1
656,15,105.1,243.2,379.6,511.0,0100,1
656,16,162.3,345.7,267.3,455.2,01000,2
656,17,122.9,318.7,197.8,396.3,01001,2
656,18,182.7,0.0,382.4,135.3,0101,1
657,15,97.4,233.6,387.2,511.0,0100,1
657,16,162.5,337.4,269.1,448.2,01000,2
657,17,121.4,311.0,197.5,390.1,01001,2
658,15,88.7,222.3,395.1,511.0,0100,1
658,16,161.9,327.3,270.2,439.2,01000,2
658,17,119.5,301.0,197.1,381.3,01001,2
659,15,77.0,211.0,401.7,511.0,0100,1
659,16,160.6,316.2,270.5,429.2,01000,2
659,17,116.8,289.8,196.2,370.8,01001,2
660,15,64.3,199.3,409.2,511.0,0100,1
660,16,159.7,304.3,271.3,418.4,01000,2
660,17,114.5,277.7,195.8,359.5,01001,2
661,15,50.8,187.5,418.2,511.0,0100,1
661,16,159.7,292.0,272.9,407.3,01000,2
661,17,113.0,265.4,196.1,348.2,01001,2
662,15,34.9,177.2,429.8,511.0,0100,1
662,16,160.3,280.1,275.5,397.0,01000,2
662,17,111.7,253.8,196.7,337.8,01001,2
663,15,14.5,168.3,439.9,511.0,0100,1
663,16,160.2,268.0,277.5,386.6,01000,2
663,17,109.7,241.9,197.1,327.0,01001,2
666,15,103.8,209.2,288.2,391.9,0100,1
666,16,162.9,235.9,285.8,359.2,01000,2
666,17,105.8,211.2,200.0,299.3,01001,2
667,15,106.3,186.1,295.6,373.2,0100,1
667,16,166.9,215.0,292.6,341.0,01000,2
667,17,108.3,188.1,205.1,278.9,01001,2
668,15,107.5,167.2,303.1,359.3,0100,1
668,16,170.4,198.1,299.2,327.2,01000,2
668,17,109.5,169.2,209.1,263.8,01001,2
669,15,107.1,150.8,309.8,349.0,0100,1
669,16,172.5,183.8,305.0,316.6,01000,2
669,17,109.1,152.8,211.9,251.6,01001,2
670,15,105.1,136.2,315.5,341.5,0100,1
670,16,173.4,171.6,309.9,308.6,01000,2
670,17,107.1,138.2,213.5,241.7,01001,2
671,15,101.6,124.1,321.0,336.5,0100,1
671,16,173.6,161.2,314.3,302.6,01000,2
671,17,103.6,126.1,213.6,234.9,01001,2
672,15,97.5,112.4,326.5,333.1,0100,1
672,16,173.3,152.1,318.6,298.3,01000,2
672,17,99.5,114.4,213.9,228.8,01001,2
673,15,93.1,100.6,331.9,330.9,0100,1
673,16,172.5,143.8,322.9,295.2,01000,2
673,17,95.1,102.6,214.6,222.7,01001,2
674,15,87.7,91.4,338.1,331.2,0100,1
674,16,171.5,137.1,327.1,293.9,01000,2
674,17,89.7,93.4,214.0,220.0,01001,2
675,15,81.7,81.0,343.9,332.5,0100,1
675,16,169.8,131.1,331.3,293.8,01000,2
675,17,83.7,83.0,214.2,216.2,01001,2
676,15,74.5,71.5,349.7,335.8,0100,1
676,16,167.6,126.1,335.3,295.1,01000,2
676,17,76.5,73.5,213.8,213.9,01001,2
677,15,66.1,62.9,356.0,340.9,0100,1
677,16,165.0,121.9,339.3,297.7,01000,2
677,17,68.1,64.9,212.8,212.9,01001,2
678,15,56.1,55.0,362.6,347.4,0100,1
678,16,161.9,118.2,343.3,301.0,01000,2
678,17,58.1,57.0,210.5,213.8,01001,2
679,15,46.7,46.1,371.0,356.4,0100,1
679,16,159.3,115.2,348.7,306.0,01000,2
679,17,48.7,48.1,210.5,213.8,01001,2
680,15,35.2,37.8,380.1,366.7,0100,1
680,16,156.3,112.1,354.1,311.3,01000,2
680,17,37.2,39.8,208.7,215.7,01001,2
681,15,23.4,28.3,392.0,379.1,0100,1
681,16,153.8,108.8,361.0,317.3,01000,2
681,17,25.4,30.3,208.1,217.5,01001,2
682,15,9.5,16.3,405.6,392.7,0100,1
682,16,150.8,104.6,368.3,323.4,01000,2
682,17,11.5,18.3,207.6,218.4,01001,2
