frame,location
1,0
2,0
3,0
4,0
5,0
6,0
7,0
8,0
9,0
10,0
11,0
12,0
13,0
14,0
15,0
16,0
17,0
18,0
19,0
20,0
21,0
22,0
23,0
24,0
25,0
26,0
27,0
28,0
29,0
30,0
31,0
32,0
33,0
34,0
35,0
36,0
37,0
38,0
39,0
40,0
41,0
42,0
43,0
44,0
45,0
46,0
47,0
48,0
49,0
50,0
51,0
52,0
53,0
54,0
55,0
56,0
57,0
58,0
59,0
60,0
61,0
62,0
63,0
64,0
65,0
66,0
67,0
68,0
69,0
70,0
71,0
72,0
73,0
74,0
75,0
76,0
77,0
78,0
79,0
80,0
81,0
82,0
83,0
84,0
85,0
86,0
87,0
88,0
89,0
90,0
91,0
92,0
93,0
94,0
95,0
96,0
97,0
98,0
99,0
100,0
101,0
102,0
103,0
104,0
105,0
106,0
107,0
108,0
109,0
110,0
111,0
112,0
113,0
114,0
115,0
116,0
117,0
118,0
119,0
120,0
121,0
122,0
123,0
124,0
125,0
126,0
127,0
128,0
129,0
130,0
131,0
132,0
133,0
134,0
135,0
136,0
137,0
138,0
139,0
140,0
141,0
142,0
143,0
144,0
145,0
146,0
147,0
148,0
149,0
150,0
151,0
152,0
153,0
154,0
155,0
156,0
157,0
158,0
159,0
160,01
161,01
162,01
163,01
164,01
165,01
166,01
167,01
168,01
169,01
170,01
171,01
172,01
173,01
174,01
175,01
176,01
177,01
178,01
179,01
180,01
181,01
182,01
183,01
184,01
185,01
186,01
187,01
188,01
189,01
190,01
191,01
192,01
193,01
194,01
195,01
196,01
197,01
198,01
199,01
200,01
201,01
202,01
203,01
204,01
205,01
206,01
207,01
208,01
209,01
210,01
211,01
212,01
213,01
214,01
215,01
216,01
217,01
218,01
219,01
220,010
221,010
222,010
223,010
224,010
225,010
226,010
227,010
228,010
229,010
230,010
231,010
232,010
233,010
234,010
235,010
236,010
237,010
238,010
239,010
240,010
241,010
242,010
243,010
244,010
245,010
246,010
247,010
248,010
249,010
250,010
251,010
252,010
253,010
254,010
255,010
256,010
257,010
258,010
259,010
260,010
261,010
262,010
263,010
264,010
265,010
266,010
267,010
268,010
269,010
270,010
271,010
272,010
273,010
274,0100
275,0100
276,0100
277,0100
278,0100
279,0100
280,0100
281,0100
282,0100
283,0100
284,0100
285,0100
286,0100
287,0100
288,0100
289,0100
290,0100
291,0100
292,0100
293,0100
294,0100
295,0100
296,0100
297,0100
298,0100
299,0100
300,0100
301,0100
302,0100
303,0100
304,0100
305,0100
306,0100
307,0100
308,0100
309,0100
310,010
311,010
312,010
313,010
314,010
315,010
316,010
317,010
318,010
319,010
320,010
321,010
322,010
323,010
324,010
325,010
326,010
327,010
328,010
329,010
330,010
331,010
332,010
333,010
334,010
335,010
336,010
337,010
338,010
339,010
340,010
341,010
342,010
343,010
344,010
345,010
346,010
347,010
348,010
349,010
350,010
351,010
352,010
353,010
354,010
355,010
356,010
357,010
358,010
359,010
360,010
361,010
362,010
363,010
364,010
365,01
366,01
367,01
368,01
369,01
370,01
371,01
372,01
373,011
374,011
375,011
376,011
377,011
378,011
379,011
380,011
381,011
382,011
383,011
384,011
385,011
386,011
387,011
388,011
389,011
390,011
391,011
392,011
393,011
394,011
395,011
396,011
397,011
398,011
399,011
400,011
401,011
402,011
403,011
404,011
405,011
406,011
407,011
408,011
409,011
410,011
411,0111
412,0111
413,0111
414,0111
415,0111
416,0111
417,0111
418,0111
419,0111
420,0111
421,0111
422,0111
423,0111
424,0111
425,0111
426,0111
427,0111
428,0111
429,0111
430,0111
431,0111
432,0111
433,0111
