frame,location,roll_deg,loop_closed,ms,loc_prob,assoc_location,ratio_err_assoc,ratio_err_fused
1,0,0.0,0,1.2,,0,,
2,0,0.0,0,3.2,,0,,
3,0,0.0,0,1.3,,0,,
4,0,0.0,0,1.1,,0,,
5,0,0.0,0,1.2,,0,,
6,0,0.0,0,1.1,,0,,
7,0,0.0,0,1.1,,0,,
8,0,0.0,0,1.1,,0,,
9,0,0.0,0,1.1,,0,,
10,0,0.0,0,1.1,,0,,
11,0,0.0,0,1.1,,0,,
12,0,0.0,0,1.1,,0,,
13,0,0.0,0,1.4,,0,,
14,0,0.0,0,3.3,,0,,
15,0,0.0,0,1.1,,0,,
16,0,0.0,0,1.1,,0,,
17,0,0.0,0,1.2,,0,,
18,0,0.0,0,1.0,,0,,
19,0,0.0,0,1.4,,0,,
20,0,0.0,0,1.4,,0,,
21,0,0.0,0,1.2,,0,,
22,0,0.0,0,1.1,,0,,
23,0,0.0,0,1.2,,0,,
24,0,0.0,0,0.9,,0,,
25,0,0.0,0,1.0,,0,,
26,0,0.0,0,1.0,,0,,
27,0,0.0,0,1.0,,0,,
28,0,0.0,0,1.0,,0,,
29,0,0.0,0,1.1,,0,,
30,0,0.0,0,1.2,,0,,
31,0,0.0,0,1.2,,0,,
32,0,0.0,0,1.3,,0,,
33,0,0.0,0,2.6,,0,,
34,0,0.0,0,1.3,,0,,
35,0,0.0,0,6.2,,0,,
36,0,0.0,0,1.3,,0,,
37,0,0.0,0,1.3,,0,,
38,0,0.0,0,0.9,,0,,
39,0,0.0,0,1.0,,0,,
40,0,0.0,0,1.0,,0,,
41,0,0.0,0,1.4,,0,,
42,0,0.0,0,1.7,,0,,
43,0,0.0,0,1.1,,0,,
44,0,0.0,0,1.0,,0,,
45,0,0.0,0,1.3,,0,,
46,0,0.0,0,1.2,,0,,
47,0,0.0,0,1.0,,0,,
48,0,0.0,0,0.9,,0,,
49,0,0.0,0,1.2,,0,,
50,0,0.0,0,1.6,,0,,
51,0,0.0,0,1.3,,0,,
52,0,0.0,0,1.0,,0,,
53,0,0.0,0,1.1,,0,,
54,0,0.0,0,1.2,,0,,
55,0,0.0,0,1.1,,0,,
56,0,0.0,0,2.6,,0,,
57,0,0.0,0,0.9,,0,,
58,0,0.0,0,1.1,,0,,
59,0,0.0,0,1.1,,0,,
60,0,0.0,0,1.1,,0,,
61,0,0.0,0,1.1,,0,,
62,0,0.0,0,0.9,,0,,
63,0,0.0,0,0.9,,0,,
64,0,0.0,0,1.0,,0,,
65,0,0.0,0,0.9,,0,,
66,0,0.0,0,0.9,,0,,
67,0,0.0,0,1.0,,0,,
68,0,0.0,0,0.9,,0,,
69,0,0.0,0,1.0,,0,,
70,0,0.0,0,1.1,,0,,
71,0,0.0,0,1.0,,0,,
72,0,0.0,0,1.1,,0,,
73,0,0.0,0,1.1,,0,,
74,0,0.0,0,0.9,,0,,
75,0,0.0,0,0.9,,0,,
76,0,0.0,0,0.9,,0,,
77,0,0.0,0,1.2,,0,,
78,0,0.0,0,1.5,,0,,
79,0,0.0,0,1.4,,0,,
80,0,0.0,0,1.3,,0,,
81,0,0.0,0,1.3,,0,,
82,0,0.0,0,1.5,,0,,
83,0,0.0,0,1.0,,0,,
84,0,0.0,0,0.9,,0,,
85,0,0.0,0,1.0,,0,,
86,0,0.0,0,0.9,,0,,
87,0,0.0,0,1.3,,0,,
88,0,0.0,0,1.0,,0,,
89,0,0.0,0,1.0,,0,,
90,0,0.0,0,0.9,,0,,
91,0,0.0,0,0.9,,0,,
92,0,0.0,0,1.0,,0,,
93,0,0.0,0,0.9,,0,,
94,0,0.0,0,1.2,,0,,
95,0,0.0,0,0.9,,0,,
96,0,0.0,0,0.9,,0,,
97,0,0.0,0,0.9,,0,,
98,0,0.0,0,1.0,,0,,
99,0,0.0,0,0.9,,0,,
100,0,0.0,0,0.9,,0,,
101,0,0.0,0,1.0,,0,,
102,0,0.0,0,0.9,,0,,
103,0,0.0,0,0.9,,0,,
104,0,0.0,0,0.9,,0,,
105,0,0.0,0,1.0,,0,,
106,0,0.0,0,1.1,,0,,
107,0,0.0,0,1.1,,0,,
108,0,0.0,0,4.2,,0,,
109,0,0.0,0,1.0,,0,,
110,0,0.0,0,1.1,,0,,
111,0,0.0,0,1.3,,0,,
112,0,0.0,0,1.3,,0,,
113,0,0.0,0,1.2,,0,,
114,0,0.0,0,1.4,,0,,
115,0,0.0,0,5.0,,0,,
116,0,0.0,0,1.2,,0,,
117,0,0.0,0,1.0,,0,,
118,0,0.0,0,1.1,,0,,
119,0,0.0,0,1.0,,0,,
120,0,0.0,0,1.0,,0,,
121,0,0.0,0,0.9,,0,,
122,0,0.0,0,1.6,,0,,
123,0,0.0,0,0.9,,0,,
124,0,0.0,0,3.8,,0,,
125,0,0.0,0,0.9,,0,,
126,0,0.0,0,1.0,,0,,
127,0,0.0,0,1.0,,0,,
128,0,0.0,0,0.9,,0,,
129,0,0.0,0,0.9,,0,,
130,0,0.0,0,0.9,,0,,
131,0,0.0,0,0.9,,0,,
132,0,0.0,0,1.0,,0,,
133,0,0.0,0,1.4,,0,,
134,0,0.0,0,1.6,,0,,
135,0,0.0,0,1.5,,0,,
136,0,0.0,0,1.6,,0,,
137,0,0.0,0,1.4,,0,,
138,0,0.0,0,1.3,,0,,
139,0,0.0,0,0.9,,0,,
140,0,0.0,0,1.1,,0,,
141,0,0.0,0,1.2,,0,,
142,0,0.0,0,1.2,,0,,
143,0,0.0,0,1.1,,0,,
144,0,0.0,0,1.6,,0,,
145,0,0.0,0,1.6,,0,,
146,0,0.0,0,2.5,,0,,
147,0,0.0,0,1.4,,0,,
148,0,0.0,0,1.6,,0,,
149,0,0.0,0,1.3,,0,,
150,0,0.0,0,1.3,,0,,
151,0,0.0,0,2.5,,0,,
152,0,0.0,0,2.1,,0,,
153,0,0.0,0,1.4,,0,,
154,0,0.0,0,1.3,,0,,
155,0,0.0,0,1.4,,0,,
156,0,0.0,0,1.5,,0,,
157,0,0.0,0,1.5,,0,,
158,0,0.0,0,2.4,,0,,
159,0,0.0,0,1.5,,0,,
160,0,0.0,0,1.6,,0,,
161,0,0.0,0,2.1,,0,,
162,0,0.0,0,2.0,,0,,
163,0,0.0,0,1.5,,0,,
164,0,0.0,0,1.4,,0,,
165,0,0.0,0,2.1,,0,,
166,0,0.0,0,1.5,,0,,
167,0,0.0,0,1.6,,0,,
168,0,0.0,0,1.4,,0,,
169,0,21.1,0,3.6,0.999,0,0.121,0.121
170,0,24.4,0,1.9,0.999,0,0.139,0.139
171,0,24.4,0,1.8,0.999,0,0.136,0.136
172,0,24.5,0,1.9,1.000,0,0.132,0.132
173,0,23.4,0,1.8,1.000,0,0.095,0.095
174,0,22.9,0,2.6,1.000,0,0.081,0.081
175,0,22.6,0,2.0,1.000,0,0.078,0.078
176,0,22.9,0,2.1,1.000,0,0.160,0.160
177,0,23.0,0,2.0,1.000,0,0.160,0.160
178,0,23.2,0,3.8,1.000,0,0.159,0.159
179,0,23.2,0,3.3,1.000,0,0.160,0.160
180,0,21.5,0,3.1,1.000,0,0.206,0.206
181,0,21.5,0,2.7,0.750,0,,
182,0,21.7,0,2.5,0.769,0,,
183,0,21.5,0,1.7,0.786,0,,
184,0,30.1,0,3.4,0.993,0,0.259,0.259
185,0,29.9,0,4.3,0.994,0,0.271,0.271
186,0,29.9,0,1.9,0.996,0,0.271,0.271
187,0,30.0,0,6.1,0.997,0,0.272,0.272
188,0,31.1,0,2.1,0.997,0,0.236,0.236
189,0,31.5,0,2.1,0.998,0,0.249,0.249
190,0,25.1,0,4.7,1.000,0,0.101,0.101
191,0,25.1,0,5.1,1.000,0,0.095,0.095
192,0,25.1,0,1.9,1.000,0,0.100,0.100
193,0,24.1,0,4.2,1.000,0,0.061,0.061
194,0,22.9,0,2.5,1.000,0,0.015,0.015
195,0,23.5,0,2.2,1.000,0,0.042,0.042
196,0,23.9,0,2.1,1.000,0,0.049,0.049
197,0,21.9,0,1.7,0.999,0,0.019,0.019
198,0,21.8,0,5.4,0.999,0,0.076,0.076
199,0,27.0,0,6.2,0.999,0,0.202,0.202
200,0,27.2,0,4.9,0.999,0,0.208,0.208
201,0,27.2,0,3.5,0.999,0,0.209,0.209
202,0,26.8,0,3.1,0.999,0,0.198,0.198
203,0,24.2,0,1.5,0.999,0,0.046,0.046
204,0,24.4,0,1.5,0.999,0,0.050,0.050
205,0,24.7,0,2.7,0.999,0,0.045,0.045
206,0,24.1,0,1.8,0.999,0,0.046,0.046
207,0,24.3,0,4.5,0.999,0,0.056,0.056
208,0,24.0,0,1.8,0.999,0,0.045,0.045
209,0,24.1,0,1.8,0.999,0,0.125,0.125
210,0,24.2,0,1.8,0.999,0,0.123,0.123
211,0,24.1,0,1.9,0.999,0,0.126,0.126
212,0,23.5,0,2.0,0.999,0,0.140,0.140
213,0,23.7,0,1.8,0.999,0,0.147,0.147
214,0,23.9,0,4.0,0.999,0,0.149,0.149
215,0,24.4,0,1.9,1.000,0,0.124,0.124
216,0,24.5,0,2.1,1.000,0,0.125,0.125
217,0,24.7,0,1.6,1.000,0,0.128,0.128
218,0,23.3,0,1.6,1.000,0,0.025,0.025
219,0,23.5,0,1.6,1.000,0,0.029,0.029
220,0,23.4,0,1.6,1.000,0,0.028,0.028
221,0,25.0,0,2.3,1.000,0,0.090,0.090
222,0,25.1,0,2.2,1.000,0,0.091,0.091
223,0,25.1,0,1.7,1.000,0,0.090,0.090
224,0,24.6,0,1.9,1.000,0,0.089,0.089
225,0,24.5,0,2.2,1.000,0,0.085,0.085
226,0,24.5,0,1.7,1.000,0,0.089,0.089
227,0,25.2,0,1.9,1.000,0,0.094,0.094
228,0,25.0,0,2.0,1.000,0,0.093,0.093
229,0,24.8,0,6.2,1.000,0,0.101,0.101
230,0,25.8,0,1.9,1.000,0,0.120,0.120
231,0,25.7,0,1.7,1.000,0,0.122,0.122
232,0,25.9,0,1.8,1.000,0,0.122,0.122
233,0,25.7,0,4.4,1.000,0,0.125,0.125
234,0,25.7,0,1.6,1.000,0,0.125,0.125
235,0,26.1,0,1.7,1.000,0,0.137,0.137
236,0,26.1,0,4.5,1.000,0,0.046,0.046
237,0,25.9,0,1.8,1.000,0,0.049,0.049
238,0,26.2,0,1.7,1.000,0,0.048,0.048
239,0,23.7,0,1.8,1.000,0,0.051,0.051
240,0,23.6,0,1.8,1.000,0,0.051,0.051
241,0,23.7,0,1.9,1.000,0,0.052,0.052
242,0,23.1,0,1.8,1.000,0,0.036,0.036
243,0,22.8,0,1.7,1.000,0,0.046,0.046
244,0,23.2,0,1.9,1.000,0,0.036,0.036
245,0,23.6,0,1.5,1.000,0,0.108,0.108
246,0,23.1,0,1.5,1.000,0,0.113,0.113
247,0,23.1,0,1.8,1.000,0,0.106,0.106
248,0,24.9,0,1.9,1.000,0,0.078,0.078
249,0,24.8,0,1.7,1.000,0,0.079,0.079
250,0,24.9,0,1.6,1.000,0,0.078,0.078
251,0,24.0,0,1.7,1.000,0,0.028,0.028
252,0,24.3,0,1.8,1.000,0,0.029,0.029
253,0,24.1,0,1.8,1.000,0,0.021,0.021
254,0,24.8,0,1.5,1.000,0,0.059,0.059
255,0,25.0,0,1.5,1.000,0,0.048,0.048
256,0,25.2,0,1.6,1.000,0,0.045,0.045
257,0,24.3,0,1.7,1.000,0,0.129,0.129
258,0,24.6,0,1.7,1.000,0,0.130,0.130
259,0,25.8,0,1.7,1.000,0,0.095,0.095
260,0,25.4,0,1.6,1.000,0,0.095,0.095
261,0,25.8,0,1.8,1.000,0,0.091,0.091
262,0,25.5,0,3.2,1.000,0,0.108,0.108
263,0,27.0,0,1.8,1.000,0,0.156,0.156
264,0,27.1,0,4.8,1.000,0,0.153,0.153
265,0,27.1,0,2.8,1.000,0,0.155,0.155
266,0,24.1,0,3.8,1.000,0,0.135,0.135
267,0,24.3,0,1.8,1.000,0,0.130,0.130
268,0,24.0,0,1.7,1.000,0,0.136,0.136
269,0,24.5,0,1.6,1.000,0,0.090,0.090
270,0,24.5,0,1.5,1.000,0,0.085,0.085
271,0,24.3,0,1.6,1.000,0,0.089,0.089
272,0,23.5,0,1.6,1.000,0,0.087,0.087
273,0,23.4,0,6.8,1.000,0,0.082,0.082
274,0,23.5,0,1.7,1.000,0,0.088,0.088
275,0,25.3,0,1.7,1.000,0,0.086,0.086
276,0,25.6,0,1.6,1.000,0,0.079,0.079
277,0,25.7,0,1.8,1.000,0,0.081,0.081
278,0,26.2,0,1.9,1.000,0,0.011,0.011
279,0,26.0,0,1.9,1.000,0,0.008,0.008
280,0,25.6,0,1.6,1.000,0,0.016,0.016
281,0,27.6,0,1.8,1.000,0,0.107,0.107
282,0,27.7,0,1.7,1.000,0,0.109,0.109
283,0,27.6,0,1.8,1.000,0,0.111,0.111
284,0,26.9,0,6.9,1.000,0,0.072,0.072
285,0,27.0,0,2.1,1.000,0,0.069,0.069
286,0,26.9,0,1.7,1.000,0,0.077,0.077
287,0,25.1,0,2.0,1.000,0,0.119,0.119
288,0,25.1,0,1.8,1.000,0,0.124,0.124
289,0,25.0,0,1.9,1.000,0,0.117,0.117
290,0,27.1,0,1.7,1.000,0,0.020,0.020
291,0,27.3,0,2.8,1.000,0,0.020,0.020
292,0,27.1,0,1.8,1.000,0,0.027,0.027
293,0,27.6,0,2.6,1.000,0,0.078,0.078
294,0,27.2,0,1.7,1.000,0,0.088,0.088
295,0,27.4,0,1.9,1.000,0,0.084,0.084
296,0,27.5,0,2.5,1.000,0,0.109,0.109
297,0,27.5,0,1.5,1.000,0,0.112,0.112
298,0,27.7,0,1.5,1.000,0,0.113,0.113
299,0,28.7,0,1.6,1.000,0,0.055,0.055
300,0,28.5,0,1.7,1.000,0,0.065,0.065
301,0,28.6,0,2.3,1.000,0,0.059,0.059
302,0,29.4,0,1.8,1.000,0,0.013,0.013
303,0,29.3,0,1.8,1.000,0,0.013,0.013
304,0,28.9,0,4.3,1.000,0,0.098,0.098
305,0,28.3,0,2.3,1.000,0,0.087,0.087
306,0,28.3,0,6.7,1.000,0,0.088,0.088
307,0,28.1,0,1.9,1.000,0,0.092,0.092
308,0,28.9,0,2.2,1.000,0,0.072,0.072
309,0,28.7,0,1.8,1.000,0,0.073,0.073
310,0,28.6,0,1.8,1.000,0,0.076,0.076
311,0,29.5,0,1.6,1.000,0,0.084,0.084
312,0,29.6,0,1.8,1.000,0,0.081,0.081
313,0,29.7,0,2.1,1.000,0,0.082,0.082
314,0,28.1,0,1.8,1.000,0,0.099,0.099
315,0,28.1,0,1.7,1.000,0,0.097,0.097
316,0,28.1,0,1.7,1.000,0,0.096,0.096
317,0,28.9,0,2.2,1.000,0,0.072,0.072
318,0,28.8,0,2.1,1.000,0,0.076,0.076
319,0,28.8,0,1.9,1.000,0,0.075,0.075
320,0,27.9,0,1.8,1.000,0,0.124,0.124
321,0,27.8,0,2.1,1.000,0,0.123,0.123
322,0,28.1,0,1.8,1.000,0,0.121,0.121
323,0,29.7,0,2.1,0.850,0,0.070,0.070
324,0,30.0,0,2.0,0.862,0,0.053,0.053
325,0,29.9,0,1.9,0.874,0,0.053,0.053
326,0,29.5,0,1.8,0.884,0,0.106,0.106
327,0,29.3,0,1.8,0.894,0,0.104,0.104
328,0,29.3,0,1.8,1.000,0,0.103,0.103
329,0,30.3,0,1.8,1.000,0,0.121,0.121
330,0,30.4,0,1.8,1.000,0,0.121,0.121
331,0,30.6,0,1.8,1.000,0,0.121,0.121
332,0,28.2,0,2.2,0.929,0,0.123,0.123
333,0,28.4,0,3.7,0.934,0,0.124,0.124
334,0,28.5,0,3.8,0.939,0,0.122,0.122
335,0,31.2,0,3.1,0.943,0,0.333,0.333
336,0,31.2,0,3.2,0.947,0,0.333,0.333
337,0,31.0,0,3.2,0.950,0,0.334,0.334
338,0,25.6,0,2.9,0.953,0,0.159,0.159
339,0,25.5,0,4.4,0.956,0,0.163,0.163
340,0,25.9,0,1.9,0.959,0,0.153,0.153
341,0,18.3,0,2.5,0.961,0,0.316,0.316
342,0,18.4,0,2.5,0.963,0,0.316,0.316
343,0,28.1,0,2.0,0.965,0,0.193,0.193
344,0,27.5,0,2.4,0.967,0,0.098,0.098
345,0,27.5,0,2.2,0.968,0,0.099,0.099
346,0,27.4,0,2.1,0.970,0,0.233,0.233
347,0,26.9,0,2.0,0.971,0,0.306,0.306
348,0,27.1,0,2.0,0.972,0,0.302,0.302
349,0,25.2,0,1.9,0.973,0,0.385,0.385
350,0,25.3,0,2.0,0.974,0,0.385,0.385
351,0,25.3,0,1.9,0.975,0,0.386,0.386
352,0,25.3,0,2.0,0.976,0,0.385,0.385
353,0,26.2,0,4.2,0.976,0,0.354,0.354
354,0,26.3,0,2.4,0.977,0,0.355,0.355
355,0,26.3,0,2.3,0.978,0,0.356,0.356
356,0,26.0,0,2.1,0.999,0,0.602,0.602
357,0,26.1,0,1.9,1.000,0,0.598,0.598
358,0,26.1,0,2.1,1.000,0,0.604,0.604
359,0,26.1,0,2.0,0.999,0,0.652,0.652
360,0,26.4,0,2.2,0.999,0,0.681,0.681
361,0,26.1,0,2.2,1.000,0,0.658,0.658
362,0,26.3,0,2.5,0.977,0,0.240,0.240
363,0,26.3,0,2.8,0.978,0,0.234,0.234
364,0,26.5,0,2.2,0.979,0,0.235,0.235
365,0,25.0,0,1.8,1.000,0,0.664,0.664
366,0,25.0,0,2.0,1.000,0,0.663,0.663
367,0,25.0,0,1.6,1.000,0,0.667,0.667
368,0,25.0,0,1.5,1.000,0,0.547,0.547
369,0,25.0,0,1.7,1.000,0,0.545,0.545
370,0,25.0,0,1.8,1.000,0,0.543,0.543
371,0,27.5,0,1.5,1.000,0,0.557,0.557
372,0,27.5,0,1.5,1.000,0,0.557,0.557
373,0,27.4,0,1.5,1.000,0,0.554,0.554
374,0,27.4,0,1.6,1.000,0,0.566,0.566
375,0,27.4,0,1.5,1.000,0,0.567,0.567
376,0,27.4,0,1.5,1.000,0,0.567,0.567
377,0,27.6,0,1.7,1.000,0,0.641,0.641
378,0,27.5,0,1.8,1.000,0,0.635,0.635
379,0,27.4,0,1.8,1.000,0,0.634,0.634
380,0,27.9,0,1.7,1.000,0,0.656,0.656
381,0,27.8,0,1.5,1.000,0,0.644,0.644
382,0,27.6,0,1.5,1.000,0,0.636,0.636
383,0,27.8,0,1.5,1.000,0,0.568,0.568
384,0,27.7,0,1.6,1.000,0,0.567,0.567
385,0,27.7,0,1.7,1.000,0,0.563,0.563
386,0,31.8,0,1.5,1.000,0,0.580,0.580
387,0,31.7,0,1.7,1.000,0,0.575,0.575
388,0,31.9,0,1.6,1.000,0,0.586,0.586
389,0,31.5,0,1.5,1.000,0,0.582,0.582
390,0,31.6,0,2.4,1.000,0,0.580,0.580
391,0,31.5,0,1.5,1.000,0,0.583,0.583
392,0,27.9,0,1.5,1.000,0,0.624,0.624
393,0,27.9,0,1.5,1.000,0,0.574,0.574
394,0,28.0,0,5.0,1.000,0,0.572,0.572
395,0,27.2,0,1.6,1.000,0,0.641,0.641
396,0,27.2,0,1.7,1.000,0,0.637,0.637
397,0,27.4,0,1.6,1.000,0,0.631,0.631
398,0,30.0,0,1.7,1.000,0,0.594,0.594
399,0,29.9,0,1.6,1.000,0,0.595,0.595
400,0,29.9,0,1.5,1.000,0,0.590,0.590
401,0,28.5,0,1.8,1.000,0,0.394,0.394
402,0,28.5,0,1.8,1.000,0,0.397,0.397
403,0,28.4,0,2.1,1.000,0,0.396,0.396
404,01,28.4,0,1.1,0.950,01,,
405,01,28.4,0,1.1,0.950,01,,
406,01,28.4,0,1.5,0.950,01,,
407,01,28.4,0,1.1,0.950,01,,
408,01,28.4,0,1.2,0.950,01,,
409,01,28.4,0,1.3,0.950,01,,
410,01,28.4,0,1.1,0.950,01,,
411,01,28.4,0,1.1,0.950,01,,
412,01,28.4,0,1.2,0.950,01,,
413,01,28.4,0,1.2,0.950,01,,
414,01,28.4,0,1.4,0.950,01,,
415,01,28.4,0,1.2,0.950,01,,
416,01,28.4,0,1.1,0.950,01,,
417,01,28.4,0,1.0,0.950,01,,
418,01,28.4,0,1.0,0.950,01,,
419,01,28.4,0,1.1,0.950,01,,
420,01,28.4,0,1.1,0.950,01,,
421,01,28.4,0,1.1,0.950,01,,
422,01,28.4,0,1.1,0.950,01,,
423,01,28.4,0,1.1,0.950,01,,
424,01,28.4,0,1.2,0.950,01,,
425,01,28.4,0,1.3,0.950,01,,
426,01,28.4,0,1.2,0.950,01,,
427,01,28.4,0,1.5,0.950,01,,
428,01,28.4,0,1.1,0.950,01,,
429,01,28.4,0,1.7,0.950,01,,
430,01,28.4,0,1.1,0.950,01,,
431,01,28.4,0,1.0,0.950,01,,
432,01,28.4,0,1.2,0.950,01,,
433,01,28.4,0,1.0,0.950,01,,
434,01,28.4,0,5.6,0.950,01,,
435,01,28.4,0,2.3,0.950,01,,
436,01,28.4,0,2.0,0.950,01,,
437,01,28.4,0,1.8,0.950,01,,
438,01,28.4,0,1.8,0.950,01,,
439,01,28.4,0,1.7,0.950,01,,
440,01,28.4,0,2.2,0.950,01,,
441,01,28.4,0,2.3,0.950,01,,
442,01,28.4,0,1.3,0.950,01,,
443,01,28.4,0,1.5,0.950,01,,
444,01,28.4,0,4.0,0.950,01,,
445,01,28.4,0,1.5,0.950,01,,
446,01,28.4,0,1.1,0.950,01,,
447,01,28.4,0,1.1,0.950,01,,
448,01,28.4,0,1.0,0.950,01,,
449,01,28.4,0,1.2,0.950,01,,
450,01,28.4,0,1.0,0.950,01,,
451,01,28.4,0,1.1,0.950,01,,
452,01,28.4,0,1.3,0.950,01,,
453,01,28.4,0,1.3,0.950,01,,
454,01,28.4,0,1.2,0.950,01,,
455,01,28.4,0,1.2,0.950,01,,
456,01,28.4,0,1.2,0.950,01,,
457,01,28.4,0,1.2,0.950,01,,
458,01,28.4,0,1.3,0.950,01,,
459,01,28.4,0,3.7,0.950,01,,
460,01,28.4,0,1.1,0.950,01,,
461,01,28.4,0,1.3,0.950,01,,
462,01,28.4,0,1.5,0.950,01,,
463,01,28.4,0,1.1,0.950,01,,
464,01,28.4,0,1.2,0.950,01,,
465,01,28.4,0,1.3,0.950,01,,
466,01,28.4,0,1.2,0.950,01,,
467,01,28.4,0,1.2,0.950,01,,
468,01,28.4,0,1.4,0.950,01,,
469,01,28.4,0,1.3,0.950,01,,
470,01,28.4,0,1.3,0.950,01,,
471,01,28.4,0,1.5,0.950,01,,
472,01,28.4,0,1.3,0.950,01,,
473,01,28.4,0,1.4,0.950,01,,
474,01,28.4,0,2.2,0.950,01,,
475,01,28.4,0,1.6,0.950,01,,
476,01,28.4,0,1.4,0.950,01,,
477,01,28.4,0,1.3,0.950,01,,
478,01,28.4,0,1.2,0.950,01,,
479,01,28.4,0,1.4,0.950,01,,
480,01,28.4,0,1.2,0.950,01,,
481,01,28.4,0,1.2,0.950,01,,
482,01,28.4,0,1.2,0.950,01,,
483,01,28.4,0,1.1,0.950,01,,
484,01,28.4,0,1.2,0.950,01,,
485,01,28.4,0,1.3,0.950,01,,
486,01,28.4,0,3.0,0.950,01,,
487,01,28.4,0,1.3,0.950,01,,
488,01,28.4,0,1.6,0.950,01,,
489,01,28.4,0,1.3,0.950,01,,
490,01,28.4,0,1.6,0.950,01,,
491,01,28.4,0,0.9,0.000,01,,
492,01,28.4,0,0.9,0.000,01,,
493,01,28.4,0,0.7,0.000,01,,
494,01,28.4,0,1.0,0.000,01,,
495,01,28.4,0,0.7,0.000,01,,
496,01,28.4,0,0.5,0.000,01,,
497,01,28.4,0,0.6,0.000,01,,
498,01,28.4,0,0.6,0.000,01,,
499,01,28.4,0,1.1,0.000,01,,
500,01,28.4,0,0.9,0.000,01,,
501,01,28.4,0,1.1,0.000,01,,
502,01,28.4,0,0.8,0.000,01,,
503,01,28.4,0,0.6,0.000,01,,
504,01,28.4,0,0.8,0.000,01,,
505,01,28.4,0,0.8,0.000,01,,
506,010,28.4,0,1.3,0.550,010,,
507,010,28.4,0,1.2,0.588,010,,
508,010,28.4,0,1.0,0.623,010,,
509,010,28.4,0,1.2,0.654,010,,
510,010,28.4,0,0.9,0.682,010,,
511,010,28.4,0,1.3,0.707,010,,
512,010,28.4,0,1.3,0.730,010,,
513,010,28.4,0,1.0,0.751,010,,
514,010,28.4,0,1.0,0.770,010,,
515,010,28.4,0,1.6,0.787,010,,
516,010,28.4,0,1.1,0.803,010,,
517,010,28.4,0,1.0,0.817,010,,
518,010,28.4,0,1.1,0.830,010,,
519,010,28.4,0,1.0,0.841,010,,
520,010,28.4,0,1.0,0.851,010,,
521,010,28.4,0,1.0,0.861,010,,
522,010,28.4,0,1.0,0.869,010,,
523,010,28.4,0,1.0,0.877,010,,
524,010,28.4,0,1.0,0.884,010,,
525,010,28.4,0,1.0,0.890,010,,
526,010,28.4,0,1.0,0.896,010,,
527,010,28.4,0,1.0,0.901,010,,
528,010,28.4,0,1.1,0.906,010,,
529,010,28.4,0,1.0,0.910,010,,
530,010,28.4,0,1.0,0.914,010,,
531,010,28.4,0,1.0,0.917,010,,
532,010,28.4,0,1.0,0.920,010,,
533,010,28.4,0,1.1,0.923,010,,
534,010,28.4,0,1.2,0.926,010,,
535,010,28.4,0,1.1,0.928,010,,
536,010,28.4,0,1.0,0.930,010,,
537,010,28.4,0,1.6,0.932,010,,
538,010,28.4,0,1.0,0.934,010,,
539,010,28.4,0,1.3,0.935,010,,
540,010,28.4,0,1.6,0.937,010,,
541,010,28.4,0,1.1,0.938,010,,
542,010,28.4,0,1.0,0.939,010,,
543,010,28.4,0,1.1,0.940,010,,
544,010,28.4,0,1.0,0.941,010,,
545,010,28.4,0,1.0,0.942,010,,
546,010,28.4,0,1.0,0.943,010,,
547,010,28.4,0,0.9,0.943,010,,
548,0100,28.4,0,1.5,0.550,0100,,
549,0100,28.4,0,2.3,0.588,0100,,
550,0100,28.4,0,1.4,0.623,0100,,
551,0100,28.4,0,1.1,0.654,0100,,
552,0100,28.4,0,1.0,0.682,0100,,
553,0100,28.4,0,1.0,0.707,0100,,
554,0100,28.4,0,1.0,0.730,0100,,
555,0100,28.4,0,1.2,0.751,0100,,
556,0100,28.4,0,1.1,0.770,0100,,
557,0100,28.4,0,1.1,0.787,0100,,
558,0100,28.4,0,1.1,0.803,0100,,
559,0100,28.4,0,1.0,0.817,0100,,
560,0100,28.4,0,1.5,0.830,0100,,
561,0100,28.4,0,1.6,0.841,0100,,
562,0100,28.4,0,1.4,0.851,0100,,
563,0100,28.4,0,1.6,0.861,0100,,
564,0100,28.4,0,1.5,0.869,0100,,
565,0100,28.4,0,1.0,0.877,0100,,
566,0100,28.4,0,0.9,0.884,0100,,
567,0100,28.4,0,1.0,0.890,0100,,
568,0100,28.4,0,0.9,0.896,0100,,
569,0100,28.4,0,0.9,0.901,0100,,
570,0100,28.4,0,1.0,0.906,0100,,
571,0100,28.4,0,1.0,0.910,0100,,
572,0100,28.4,0,1.4,0.914,0100,,
573,0100,28.4,0,1.3,0.917,0100,,
574,0100,28.4,0,1.0,0.920,0100,,
575,0100,28.4,0,1.0,0.923,0100,,
576,0100,28.4,0,1.0,0.926,0100,,
577,0100,28.4,0,1.0,0.928,0100,,
578,0100,28.4,0,1.0,0.930,0100,,
579,0100,28.4,0,1.0,0.932,0100,,
580,0100,28.4,0,1.3,0.934,0100,,
581,0100,28.4,0,1.2,0.935,0100,,
582,0100,28.4,0,1.0,0.937,0100,,
583,0100,28.4,0,1.1,0.938,0100,,
584,0100,28.4,0,1.5,0.939,0100,,
585,0100,28.4,0,1.4,0.940,0100,,
586,0100,28.4,0,1.5,0.941,0100,,
587,0100,28.4,0,1.1,0.942,0100,,
588,0100,28.4,0,1.3,0.943,0100,,
589,0100,28.4,0,1.1,0.943,0100,,
590,0100,28.4,0,1.1,0.944,0100,,
591,0100,28.4,0,1.0,0.945,0100,,
592,0100,28.4,0,1.3,0.945,0100,,
593,0100,28.4,0,1.1,0.946,0100,,
594,0100,28.4,0,1.1,0.946,0100,,
595,0100,28.4,0,1.1,0.946,0100,,
596,0100,28.4,0,1.1,0.947,0100,,
597,0100,28.4,0,1.5,0.947,0100,,
598,0100,28.4,0,1.0,0.947,0100,,
599,0100,28.4,0,1.1,0.948,0100,,
600,0100,28.4,0,1.0,0.948,0100,,
601,0100,28.4,0,2.0,0.948,0100,,
602,0100,28.4,0,1.5,0.948,0100,,
603,0100,28.4,0,1.0,0.948,0100,,
604,0100,28.4,0,1.0,0.949,0100,,
605,0100,28.4,0,1.0,0.949,0100,,
606,0100,28.4,0,1.2,0.949,0100,,
607,0100,28.4,0,1.3,0.949,0100,,
608,0100,28.4,0,1.3,0.949,0100,,
609,0100,28.4,0,1.2,0.949,0100,,
610,0100,28.4,0,1.1,0.949,0100,,
611,010,28.4,0,2.0,0.998,010,0.580,0.580
612,010,28.3,0,1.7,0.999,010,0.582,0.582
613,010,28.4,0,1.5,0.999,010,0.581,0.581
614,010,28.5,0,1.7,0.999,010,0.549,0.549
615,010,28.6,0,3.8,0.999,010,0.553,0.553
616,010,28.6,0,2.0,0.999,010,0.555,0.555
617,010,29.7,0,1.6,0.999,010,0.579,0.579
618,010,29.9,0,1.9,0.999,010,0.580,0.580
619,010,29.7,0,1.7,0.999,010,0.582,0.582
620,0100,29.7,0,1.4,0.950,0100,,
621,0100,29.7,0,1.1,0.950,0100,,
622,0100,29.7,0,1.5,0.950,0100,,
623,0100,29.7,0,1.3,0.950,0100,,
624,0100,29.7,0,1.3,0.950,0100,,
625,0100,29.7,0,2.6,0.950,0100,,
626,0100,29.7,0,1.5,0.950,0100,,
627,0100,29.7,0,1.3,0.950,0100,,
628,0100,29.7,0,1.2,0.950,0100,,
629,0100,29.7,0,1.7,0.750,0100,,
630,0100,29.7,0,1.4,0.950,0100,,
631,0100,29.7,0,1.6,0.750,0100,,
632,0100,5.4,0,1.7,0.769,0100,,
633,0100,5.4,0,2.0,0.786,0100,,
634,0100,3.1,0,1.6,0.802,0100,,
635,0100,5.7,0,1.7,0.816,0100,,
636,0100,5.7,0,2.9,0.829,0100,,
637,0100,5.7,0,1.6,0.840,0100,,
638,010,5.7,0,2.3,0.998,010,0.624,0.624
639,010,5.6,0,4.5,0.999,010,0.622,0.622
640,010,5.5,0,2.5,0.849,010,0.622,0.622
641,010,5.5,0,2.5,0.862,010,0.641,0.641
642,010,5.5,0,2.1,0.873,010,0.650,0.650
643,010,5.5,0,2.1,0.884,010,0.653,0.653
644,0100,5.5,0,2.1,0.750,0100,,
645,0100,6.1,0,1.8,0.769,0100,,
646,0100,4.7,0,1.9,0.786,0100,,
647,010,15.2,0,4.6,0.883,010,0.614,0.614
648,010,15.3,0,5.7,0.893,010,0.619,0.619
649,010,15.2,0,2.0,0.902,010,0.617,0.617
650,010,4.6,0,4.5,0.850,010,0.625,0.625
651,010,4.6,0,2.0,0.862,010,0.627,0.627
652,010,4.7,0,2.1,0.874,010,0.626,0.626
653,0100,1.3,0,1.6,0.802,0100,,
654,0100,1.8,0,1.5,0.816,0100,,
655,0100,1.3,0,1.6,0.829,0100,,
656,010,1.3,0,2.2,1.000,010,0.637,0.637
657,010,1.4,0,3.4,1.000,010,0.637,0.637
658,010,1.4,0,3.1,1.000,010,0.638,0.638
659,010,0.8,0,3.0,1.000,010,0.644,0.644
660,010,0.7,0,1.9,1.000,010,0.642,0.642
661,010,0.8,0,1.9,1.000,010,0.646,0.646
662,010,1.7,0,1.7,1.000,010,0.666,0.666
663,010,1.2,0,2.9,1.000,010,0.660,0.660
664,010,1.1,0,2.9,1.000,010,0.656,0.656
665,010,0.3,0,5.9,1.000,010,0.599,0.599
666,010,0.3,0,2.1,1.000,010,0.600,0.600
667,010,0.3,0,1.9,1.000,010,0.599,0.599
668,010,0.7,0,2.3,0.850,010,0.613,0.613
669,010,1.6,0,1.9,1.000,010,0.827,0.827
670,010,1.5,0,2.1,1.000,010,0.824,0.824
671,010,1.5,0,2.5,0.849,010,0.660,0.660
672,010,2.4,0,2.0,0.997,010,0.849,0.849
673,010,2.4,0,1.9,0.998,010,0.846,0.846
674,010,2.4,0,2.7,0.972,010,0.559,0.559
675,010,2.4,0,1.8,0.979,010,0.558,0.558
676,010,3.8,0,2.5,0.842,010,0.417,0.417
677,010,3.9,0,5.4,0.856,010,0.418,0.418
678,010,3.9,0,2.4,0.869,010,0.418,0.418
679,010,22.6,0,5.3,0.874,010,0.634,0.634
680,010,22.6,0,2.3,0.885,010,0.633,0.633
681,010,22.7,0,2.3,0.896,010,0.633,0.633
682,010,21.7,0,2.2,0.905,010,0.683,0.683
683,010,21.7,0,2.3,0.913,010,0.683,0.683
684,010,21.7,0,2.1,0.920,010,0.683,0.683
685,010,20.6,0,2.2,0.926,010,0.721,0.721
686,010,20.6,0,2.2,0.932,010,0.720,0.720
687,010,20.6,0,2.4,0.937,010,0.721,0.721
688,010,20.3,0,2.3,0.941,010,0.724,0.724
689,010,20.0,0,2.3,0.946,010,0.738,0.738
690,010,20.0,0,2.1,0.949,010,0.741,0.741
691,010,-2.2,0,3.3,0.953,010,0.721,0.721
692,010,-2.2,0,2.4,0.956,010,0.721,0.721
693,010,-2.2,0,2.3,0.959,010,0.722,0.722
694,010,-2.5,0,2.3,0.961,010,0.728,0.728
695,010,-2.5,0,2.1,0.963,010,0.728,0.728
696,010,-2.5,0,2.9,0.965,010,0.730,0.730
697,010,-23.1,0,2.5,0.967,010,0.627,0.627
698,010,-23.2,0,2.2,0.968,010,0.629,0.629
699,010,-23.1,0,2.1,0.970,010,0.632,0.632
700,010,-24.5,0,2.4,0.971,010,0.666,0.666
701,010,-24.6,0,2.8,0.972,010,0.664,0.664
702,010,-24.5,0,3.4,0.973,010,0.662,0.662
703,010,-23.7,0,2.1,0.974,010,0.713,0.713
704,010,-23.7,0,2.1,0.975,010,0.715,0.715
705,010,-23.6,0,2.4,0.976,010,0.713,0.713
706,010,-23.7,0,2.7,0.977,010,0.712,0.712
707,010,-23.4,0,2.0,0.977,010,0.707,0.707
708,010,-23.3,0,1.9,0.978,010,0.702,0.702
709,010,-23.4,0,2.0,0.978,010,0.703,0.703
710,010,-23.7,0,1.9,0.979,010,0.761,0.761
711,010,-23.4,0,2.1,0.979,010,0.745,0.745
712,010,-23.7,0,2.2,0.980,010,0.759,0.759
713,010,-22.9,0,2.3,0.980,010,0.690,0.690
714,010,-22.9,0,2.1,0.980,010,0.691,0.691
715,010,-22.9,0,2.2,0.981,010,0.691,0.691
716,010,-22.5,0,2.3,0.981,010,0.682,0.682
717,010,-22.5,0,2.3,0.981,010,0.683,0.683
718,010,-22.4,0,2.4,0.981,010,0.683,0.683
719,010,-21.4,0,2.5,0.981,010,0.706,0.706
720,010,-21.3,0,2.3,0.982,010,0.707,0.707
721,010,-21.3,0,2.7,0.982,010,0.707,0.707
722,010,-21.8,0,2.5,0.982,010,0.767,0.767
723,010,-21.8,0,2.7,0.982,010,0.767,0.767
724,010,-21.8,0,2.4,0.982,010,0.768,0.768
725,0100,-21.4,0,2.7,0.961,0100,1.624,1.624
726,0100,-21.4,0,2.1,0.961,0100,1.627,1.627
727,0100,-21.4,0,2.3,0.961,0100,1.625,1.625
728,0100,-21.3,0,8.8,0.966,0100,1.602,1.602
729,0100,-21.4,0,2.2,0.967,0100,1.601,1.601
730,0100,-21.4,0,2.6,0.967,0100,1.598,1.598
731,0100,-20.7,0,3.4,0.613,0100,1.344,1.344
732,0100,-20.8,0,2.6,0.952,0100,1.699,1.699
733,0100,-20.7,0,2.3,0.953,0100,1.689,1.689
734,0100,-20.5,0,2.3,0.722,0100,1.303,1.303
735,0100,-20.5,0,4.3,0.962,0100,1.716,1.716
736,0100,-20.5,0,1.9,0.723,0100,1.302,1.302
737,0100,-19.3,0,1.7,0.839,0100,1.250,1.250
738,0100,-19.2,0,2.5,0.857,0100,1.256,1.256
739,0100,-19.3,0,1.8,0.873,0100,1.255,1.255
740,0100,-18.9,0,2.1,0.905,0100,1.203,1.203
741,0100,-18.8,0,6.1,0.916,0100,1.200,1.200
742,0100,-18.8,0,2.0,0.925,0100,1.198,1.198
743,0100,-18.1,0,1.8,0.919,0100,1.207,1.207
744,0100,-18.1,0,1.7,0.927,0100,1.207,1.207
745,0100,-18.2,0,1.8,0.933,0100,1.208,1.208
746,01000,-18.2,0,1.4,0.950,01000,,
747,01000,-18.2,0,2.2,0.950,01000,,
748,01000,-18.2,0,1.5,0.950,01000,,
749,01000,-18.2,0,2.1,0.950,01000,,
750,01000,-18.2,0,1.5,0.950,01000,,
751,01000,-18.2,0,1.6,0.950,01000,,
752,01000,-18.2,0,1.1,0.950,01000,,
753,01000,-18.2,0,1.3,0.950,01000,,
754,01000,-18.2,0,1.9,0.950,01000,,
755,01000,-18.2,0,1.4,0.950,01000,,
756,01000,-18.2,0,5.0,0.950,01000,,
757,01000,-18.2,0,1.9,0.950,01000,,
758,01000,-18.2,0,1.5,0.950,01000,,
759,01000,-18.2,0,1.4,0.950,01000,,
760,01000,-18.2,0,1.4,0.950,01000,,
761,01000,-18.2,0,1.4,0.950,01000,,
762,01000,-18.2,0,1.5,0.950,01000,,
763,01000,-18.2,0,1.6,0.950,01000,,
764,01000,-18.2,0,1.6,0.950,01000,,
765,01000,-19.0,0,1.7,0.950,01000,,
766,01000,-19.6,0,1.6,0.950,01000,,
767,01000,-14.2,0,1.8,0.950,01000,,
768,01000,-13.8,0,1.4,0.950,01000,,
769,01000,-13.7,0,1.4,0.950,01000,,
770,01000,-24.5,0,1.7,0.950,01000,,
771,01000,-24.1,0,1.4,0.950,01000,,
772,01000,-21.5,0,2.0,0.950,01000,,
773,01000,0.5,0,3.5,0.950,01000,,
774,01000,0.2,0,1.3,0.950,01000,,
775,01000,4.9,0,1.7,0.950,01000,,
776,01000,5.1,0,1.5,0.950,01000,,
777,01000,4.5,0,1.4,0.950,01000,,
778,01000,6.5,0,1.5,0.950,01000,,
779,01000,6.4,0,1.5,0.950,01000,,
780,01000,6.6,0,1.5,0.950,01000,,
781,01000,6.5,0,4.1,0.950,01000,,
782,01000,4.7,0,1.5,0.950,01000,,
783,01000,4.5,0,1.5,0.950,01000,,
784,01000,4.9,0,1.5,0.950,01000,,
785,01000,-13.5,0,1.8,0.950,01000,,
786,01000,-13.8,0,1.8,0.950,01000,,
787,01000,-13.5,0,1.8,0.950,01000,,
788,01000,2.7,0,1.6,0.950,01000,,
789,01000,2.9,0,1.7,0.950,01000,,
790,01000,3.1,0,1.7,0.950,01000,,
791,0100,2.3,0,2.4,0.939,0100,1.371,1.371
792,0100,2.2,0,2.4,0.948,0100,1.371,1.371
793,0100,2.5,0,2.1,0.955,0100,1.370,1.370
794,0100,13.3,0,2.0,0.969,0100,1.314,1.314
795,0100,13.1,0,1.8,0.973,0100,1.317,1.317
796,0100,13.3,0,1.8,0.975,0100,1.320,1.320
797,0100,9.3,0,5.8,0.972,0100,1.386,1.386
798,0100,9.2,0,2.4,0.975,0100,1.385,1.385
799,0100,9.4,0,1.6,0.977,0100,1.390,1.390
800,0100,11.8,0,1.8,0.980,0100,1.372,1.372
801,0100,11.7,0,1.8,0.982,0100,1.375,1.375
802,0100,11.3,0,2.4,0.983,0100,1.376,1.376
803,0100,2.7,0,2.4,0.928,0100,1.423,1.423
804,0100,2.8,0,1.9,0.982,0100,1.426,1.426
805,0100,2.5,0,4.5,0.984,0100,1.423,1.423
806,01000,5.7,0,1.4,0.950,01000,,
807,01000,5.7,0,1.8,0.950,01000,,
808,01000,5.6,0,2.7,0.950,01000,,
809,01000,1.2,0,1.4,0.950,01000,,
810,01000,1.4,0,1.5,0.950,01000,,
811,01000,1.3,0,1.5,0.950,01000,,
812,01000,1.3,0,2.0,0.950,01000,,
813,01000,1.3,0,1.9,0.950,01000,,
814,01000,1.3,0,1.3,0.950,01000,,
815,01000,1.3,0,1.6,0.950,01000,,
816,01000,1.3,0,1.4,0.950,01000,,
817,01000,1.3,0,1.5,0.950,01000,,
818,01000,1.3,0,1.3,0.950,01000,,
819,01000,1.6,0,1.9,0.950,01000,,
820,01000,1.7,0,1.4,0.950,01000,,
821,01000,5.6,0,1.6,0.950,01000,,
822,01000,5.9,0,1.5,0.950,01000,,
823,01000,6.1,0,1.6,0.950,01000,,
824,01000,5.9,0,1.8,0.950,01000,,
825,01000,5.9,0,1.6,0.950,01000,,
826,01000,6.0,0,1.8,0.950,01000,,
827,01000,-9.0,0,1.7,0.950,01000,,
828,01000,-8.4,0,1.9,0.950,01000,,
829,01000,-8.1,0,1.8,0.950,01000,,
830,01000,-28.7,0,2.0,0.950,01000,,
831,01000,-29.0,0,1.7,0.950,01000,,
832,01000,-28.8,0,1.9,0.950,01000,,
833,01000,-38.5,0,1.7,0.950,01000,,
834,01000,-38.6,0,1.7,0.950,01000,,
835,01000,-38.6,0,1.7,0.950,01000,,
836,01000,-38.6,0,1.1,0.884,01000,,
837,01000,-38.6,0,1.1,0.890,01000,,
838,01000,-38.6,0,1.2,0.896,01000,,
839,01000,-38.6,0,1.2,0.901,01000,,
840,01000,-38.6,0,1.1,0.906,01000,,
841,01000,-38.6,0,1.1,0.910,01000,,
842,01000,-38.6,0,1.6,0.914,01000,,
843,01000,-38.6,0,1.9,0.917,01000,,
844,01000,-38.6,0,1.7,0.920,01000,,
845,01000,-38.6,0,2.1,0.923,01000,,
846,01000,-38.6,0,2.1,0.926,01000,,
847,01000,-38.6,0,1.4,0.928,01000,,
848,01000,-38.6,0,1.3,0.930,01000,,
849,01000,-38.6,0,1.8,0.932,01000,,
850,01000,-38.6,0,1.4,0.934,01000,,
851,01000,-38.6,0,1.3,0.935,01000,,
852,01000,-38.6,0,1.7,0.937,01000,,
853,01000,-38.6,0,1.4,0.938,01000,,
854,010,-38.6,0,2.0,0.681,0100,2.267,1.686
855,010,-38.6,0,4.6,0.999,010,1.683,1.683
856,010,-38.6,0,1.9,0.999,010,1.682,1.682
857,0100,-38.6,0,4.0,0.654,0100,,
858,0100,-38.6,0,1.4,0.682,0100,,
859,0100,-38.6,0,1.5,0.707,0100,,
860,0100,-38.6,0,1.4,0.730,0100,,
861,0100,-38.6,0,1.4,0.751,0100,,
862,0100,-38.6,0,1.4,0.770,0100,,
863,0100,-38.6,0,0.7,0.000,0100,,
864,0100,-38.6,0,0.6,0.000,0100,,
865,0100,-38.6,0,0.6,0.000,0100,,
866,0100,-38.6,0,0.4,0.000,0100,,
867,0100,-38.6,0,0.8,0.000,0100,,
868,0100,-38.6,0,0.6,0.000,0100,,
869,0100,-38.6,0,0.3,0.000,0100,,
870,0100,-38.6,0,0.4,0.000,0100,,
871,0100,-38.6,0,0.4,0.000,0100,,
872,0100,-38.6,0,0.3,0.000,0100,,
