frame,track_id,x1,y1,x2,y2,score,label,level,prob
1,1,445.7,454.1,708.7,737.9,0.558,,1,
2,1,446.2,453.8,709.1,737.6,0.554,,1,
3,1,446.1,453.1,709.6,737.2,0.561,,1,
4,1,446.0,453.2,709.3,737.6,0.560,,1,
5,1,445.4,453.6,709.4,737.4,0.555,,1,
6,1,445.4,453.6,709.6,737.5,0.555,,1,
7,1,445.3,453.0,709.5,737.5,0.555,,1,
8,1,445.4,453.6,709.5,737.6,0.554,,1,
9,1,445.5,453.9,709.5,737.5,0.555,,1,
10,1,445.5,453.9,709.4,737.6,0.553,,1,
11,1,445.5,453.4,709.5,737.5,0.555,,1,
12,1,445.5,453.5,709.5,737.5,0.555,,1,
13,1,445.5,453.5,709.4,737.6,0.555,,1,
14,1,445.9,453.5,709.2,737.8,0.553,,1,
15,1,445.6,453.5,709.2,738.2,0.554,,1,
16,1,445.8,453.1,709.4,738.3,0.551,,1,
17,1,430.1,458.1,711.6,735.5,0.565,,1,
18,1,431.1,458.1,712.1,736.2,0.548,,1,
19,1,430.8,457.8,712.0,736.0,0.544,,1,
20,1,413.1,457.9,697.6,747.5,0.550,,1,
21,1,412.1,459.0,697.0,747.7,0.533,,1,
22,1,411.7,457.2,697.4,748.0,0.552,,1,
23,1,412.1,450.0,705.9,749.0,0.633,,1,
24,1,412.5,449.5,706.5,747.5,0.641,,1,
25,1,412.6,448.6,706.1,747.2,0.648,,1,
26,1,429.1,434.8,713.2,735.1,0.525,,1,
27,1,429.0,435.3,712.3,735.3,0.537,,1,
28,1,429.3,436.3,713.2,736.7,0.534,,1,
29,1,430.3,434.9,715.3,725.6,0.526,,1,
30,1,429.7,432.9,715.8,726.4,0.500,,2,
31,1,429.9,428.7,715.8,726.1,0.507,,2,
31,2,346.5,364.6,739.0,789.5,0.310,,1,
32,1,400.0,466.3,698.7,774.7,0.652,,2,
32,2,314.3,399.3,729.1,848.6,0.158,,1,
33,1,400.3,467.2,698.4,775.0,0.651,,2,
33,2,314.5,400.6,730.1,848.6,0.147,,1,
34,1,399.4,467.0,699.1,774.9,0.648,,2,
34,2,312.6,400.0,730.2,849.3,0.146,,1,
35,1,393.2,467.6,701.1,772.8,0.615,,2,
35,2,309.1,400.6,725.3,849.5,0.133,,1,
36,1,393.0,466.3,701.7,772.4,0.614,,2,
36,2,307.8,400.0,725.8,849.2,0.133,,1,
37,1,392.3,466.6,701.6,773.2,0.613,,2,
37,2,306.8,399.6,725.7,850.3,0.139,,1,
38,1,411.7,452.8,705.7,738.9,0.668,,1,
39,1,410.8,450.8,705.6,739.6,0.680,,1,
40,1,412.4,451.9,705.7,735.6,0.676,,1,
41,1,406.2,436.8,715.1,759.1,0.607,,1,
42,1,406.1,438.2,715.4,762.7,0.590,,1,
43,1,406.8,438.5,714.8,759.2,0.614,,1,
44,1,395.3,443.2,715.2,778.2,0.601,,1,
45,1,397.5,445.0,714.6,778.5,0.601,,1,
46,1,395.0,444.3,715.3,779.7,0.594,,1,
47,1,398.3,464.9,705.3,756.3,0.659,,1,
48,1,397.7,464.3,705.6,756.8,0.660,,1,
49,1,397.8,463.5,704.6,756.4,0.658,,1,
50,1,385.2,469.9,681.7,773.9,0.568,,1,
51,1,385.0,469.9,681.8,773.3,0.577,,1,
52,1,385.1,470.0,681.9,775.8,0.550,,1,
53,1,384.6,470.0,679.3,772.9,0.597,,1,
54,1,384.6,470.4,677.4,770.8,0.597,,1,
55,1,384.6,470.2,677.2,771.4,0.600,,1,
56,1,402.4,470.2,686.1,762.8,0.575,,1,
57,1,402.0,470.6,685.1,760.8,0.584,,1,
58,1,402.2,470.4,685.9,760.4,0.595,,1,
59,1,406.0,470.4,697.7,759.1,0.638,,1,
60,1,406.6,470.5,697.3,759.1,0.640,,1,
61,1,407.3,470.4,695.7,759.2,0.624,,1,
62,1,387.8,447.0,705.9,761.8,0.686,,1,
63,1,388.3,448.3,704.6,761.8,0.680,,1,
64,1,387.8,448.4,704.3,765.1,0.655,,1,
65,1,374.9,443.3,707.1,765.4,0.672,,1,
66,1,374.7,443.3,706.6,766.3,0.672,,1,
67,1,375.3,443.3,705.2,766.7,0.669,,1,
68,1,368.6,446.0,707.5,768.4,0.610,,1,
69,1,368.6,446.2,708.3,767.3,0.621,,1,
70,1,369.0,446.8,708.3,767.4,0.621,,1,
71,1,367.7,454.2,705.5,763.7,0.562,,1,
72,1,368.8,454.2,705.6,764.1,0.560,,1,
73,1,367.8,454.3,705.9,765.8,0.543,,1,
74,1,372.8,450.0,711.8,797.3,0.544,,1,
75,1,371.6,450.1,711.4,797.7,0.537,,1,
76,1,372.1,450.0,710.9,796.4,0.540,,1,
77,1,373.8,446.9,709.4,787.9,0.603,,1,
78,1,374.2,447.2,709.6,788.0,0.600,,1,
79,1,374.2,447.3,710.2,788.7,0.598,,1,
80,1,369.2,449.0,714.5,781.3,0.657,,1,
81,1,369.2,449.1,714.6,781.2,0.651,,1,
82,1,369.5,449.8,713.8,781.9,0.651,,1,
83,1,362.2,458.0,689.4,801.8,0.570,,1,
84,1,362.4,458.2,689.4,802.3,0.577,,1,
85,1,362.4,458.6,687.1,801.8,0.595,,1,
86,1,355.9,477.6,692.5,826.5,0.599,,1,
87,1,350.7,475.5,703.7,829.1,0.594,,1,
88,1,349.9,475.9,705.6,829.4,0.596,,1,
89,1,352.1,470.6,704.2,831.2,0.541,,1,
90,1,352.6,471.1,704.9,831.0,0.540,,1,
91,1,352.5,471.2,705.5,830.4,0.552,,1,
92,1,377.9,445.1,702.7,772.0,0.691,,1,
93,1,379.0,445.0,702.7,771.1,0.692,,1,
94,1,378.2,444.4,702.6,772.1,0.692,,1,
95,1,380.9,434.2,703.0,764.2,0.723,,1,
96,1,381.5,434.2,703.9,763.8,0.726,,1,
97,1,381.1,434.3,703.8,764.6,0.725,,1,
98,1,357.4,457.3,692.8,810.5,0.488,,1,
99,1,357.7,458.7,690.2,811.3,0.494,,1,
100,1,357.6,457.8,693.2,810.6,0.480,,1,
101,1,358.8,485.2,684.5,839.2,0.470,,1,
102,1,359.1,485.3,684.3,840.0,0.472,,1,
103,1,358.8,485.4,684.4,840.9,0.467,,1,
104,1,361.9,499.3,711.5,862.9,0.538,,1,
105,1,361.9,499.2,711.4,864.4,0.520,,1,
106,1,362.7,499.9,712.6,864.5,0.515,,1,
107,1,379.8,460.7,705.8,801.4,0.624,,1,
108,1,380.2,460.5,706.4,801.9,0.595,,1,
109,1,380.4,460.2,705.8,800.4,0.613,,1,
110,1,359.4,373.0,699.3,704.0,0.659,,1,
111,1,359.1,372.2,699.4,706.4,0.645,,1,
112,1,359.8,373.0,700.0,705.4,0.652,,1,
113,1,359.5,312.3,707.4,641.9,0.726,,1,
114,1,360.1,313.6,707.2,645.0,0.720,,1,
115,1,359.6,314.1,707.8,648.3,0.708,,1,
116,1,385.5,315.0,736.3,641.1,0.705,,1,
117,1,387.2,315.1,736.5,640.9,0.709,,1,
118,1,386.1,315.7,735.7,641.6,0.704,,1,
119,1,388.1,329.4,733.2,668.6,0.611,,1,
120,1,388.0,329.3,734.0,666.4,0.624,,1,
121,1,388.1,329.3,734.7,668.2,0.607,,1,
122,1,351.3,345.5,707.0,735.6,0.324,,1,
123,1,361.3,352.5,703.5,680.0,0.336,,1,
124,1,350.4,344.2,708.8,733.1,0.339,,1,
125,1,354.6,327.8,702.3,668.2,0.621,,1,
126,1,354.5,327.9,701.8,668.2,0.625,,1,
127,1,354.6,328.0,703.0,667.6,0.637,,1,
128,1,389.0,268.8,740.7,628.7,0.448,,1,
129,1,389.5,267.6,741.1,630.0,0.442,,1,
130,1,389.0,268.6,740.8,624.6,0.469,,1,
131,1,398.7,239.2,766.3,604.1,0.277,,1,
132,1,398.2,238.8,766.2,605.4,0.249,,1,
133,1,400.5,238.6,766.5,602.8,0.267,,1,
134,1,364.9,245.3,725.9,572.1,0.486,,1,
135,1,364.5,246.2,726.0,572.1,0.467,,1,
136,1,365.7,244.3,726.4,574.3,0.460,,1,
137,1,335.8,254.9,704.2,655.3,0.394,,1,
138,1,335.7,256.0,706.0,656.2,0.344,,1,
139,1,335.7,255.6,706.4,654.8,0.370,,1,
140,1,364.5,264.9,737.1,648.6,0.406,,1,
141,1,365.5,263.5,736.1,646.8,0.432,,1,
142,1,364.9,264.8,738.1,647.8,0.403,,1,
143,1,370.9,232.1,770.1,628.8,0.331,,1,
144,3,416.7,305.2,578.0,513.6,0.379,,2,
144,1,370.5,231.8,770.6,630.4,0.322,,1,
145,3,418.8,306.4,581.1,509.7,0.409,,2,
145,1,369.7,231.3,772.5,630.3,0.293,,1,
146,3,403.3,269.8,566.6,470.9,0.425,,2,
146,1,362.9,203.6,763.9,617.4,0.299,,1,
147,3,403.8,268.3,567.0,472.3,0.445,,2,
147,1,363.5,203.8,764.4,616.5,0.296,,1,
148,3,404.4,269.2,566.5,472.5,0.460,,2,
148,1,363.8,204.1,762.7,614.8,0.301,,1,
149,3,401.9,277.7,562.3,473.8,0.526,,2,
149,1,362.4,206.1,762.0,614.1,0.326,,1,
150,3,402.2,278.0,561.9,473.4,0.524,,2,
150,1,362.6,205.7,761.5,613.5,0.325,,1,
151,3,401.9,277.8,562.8,473.3,0.513,,2,
151,1,362.4,206.4,762.3,615.3,0.320,,1,
152,3,401.8,277.4,562.6,472.8,0.500,,2,
152,1,361.8,205.6,763.0,615.6,0.317,,1,
153,3,431.8,322.4,583.9,516.0,0.616,,2,
153,1,395.8,254.5,801.3,646.8,0.256,,1,
154,3,431.3,322.6,584.0,516.5,0.634,,2,
154,1,396.2,255.7,801.5,645.4,0.278,,1,
155,3,423.5,338.7,592.6,561.1,0.637,,1,
155,1,595.0,351.3,776.6,605.5,0.327,,1,
156,3,424.4,339.5,593.0,560.6,0.615,,1,
156,1,595.1,353.0,776.4,606.1,0.326,,1,
157,3,422.8,339.6,593.1,562.5,0.609,,1,
157,1,595.9,352.7,776.0,605.6,0.316,,1,
158,3,423.2,340.0,592.4,562.8,0.654,,1,
158,1,595.3,352.0,776.7,605.2,0.328,,1,
159,3,398.3,336.2,573.3,541.0,0.410,,2,
159,1,358.7,276.0,777.7,683.2,0.373,,1,
160,3,399.0,336.3,573.3,540.9,0.384,,2,
160,1,359.3,275.8,777.5,684.2,0.371,,1,
161,3,397.0,331.7,570.4,541.8,0.545,,2,
161,1,357.3,268.9,777.6,680.6,0.397,,1,
162,3,397.9,332.1,568.2,540.9,0.619,,2,
162,1,358.2,269.3,777.9,680.4,0.403,,1,
163,3,397.9,332.5,567.8,540.6,0.619,,2,
163,1,358.0,268.8,778.3,680.4,0.407,,1,
164,3,397.5,333.1,566.9,541.5,0.640,,2,
164,1,357.5,268.9,777.9,679.9,0.410,,1,
165,3,427.2,335.1,602.0,544.1,0.639,,2,
165,1,400.5,270.3,822.5,682.8,0.286,,1,
166,3,426.5,334.7,603.5,545.6,0.618,,2,
166,4,601.5,361.0,796.3,601.3,0.314,,2,
166,1,399.8,270.2,821.4,682.5,0.304,,1,
167,4,618.6,371.2,797.9,598.3,0.539,,2,
167,3,428.8,343.3,608.5,545.5,0.336,,2,
167,1,401.4,272.7,829.6,688.0,0.282,,1,
168,4,618.6,370.9,797.4,598.2,0.514,,2,
168,3,429.3,343.8,607.6,544.9,0.325,,2,
168,1,401.7,272.8,828.2,688.1,0.287,,1,
169,4,618.6,371.3,797.1,599.2,0.529,01,2,0.999
169,3,428.4,343.3,608.0,546.4,0.332,00,2,0.999
169,1,400.6,273.5,829.1,688.8,0.264,0,1,1.000
170,3,402.9,340.9,588.8,553.7,0.659,00,2,0.999
170,4,599.0,385.8,773.4,612.7,0.394,01,2,0.999
170,1,351.9,280.8,803.6,713.5,0.285,0,1,1.000
171,3,403.1,340.4,589.1,552.9,0.664,00,2,0.999
171,4,597.7,385.6,775.3,612.1,0.406,01,2,0.999
171,1,351.4,279.0,806.1,716.1,0.275,0,1,1.000
172,3,402.9,340.0,589.3,553.2,0.664,00,2,0.999
172,4,598.3,386.1,776.3,612.1,0.400,01,2,0.999
172,1,351.2,278.8,807.5,717.6,0.274,0,1,1.000
173,3,407.9,369.9,585.8,569.4,0.680,00,2,0.999
173,4,604.4,403.6,778.3,634.8,0.415,01,2,0.999
173,1,350.2,298.0,811.4,742.7,0.296,0,1,1.000
174,3,407.3,370.6,583.6,569.5,0.705,00,2,0.999
174,4,605.1,403.7,778.3,633.1,0.417,01,2,0.999
174,1,349.7,297.8,811.4,743.5,0.293,0,1,1.000
175,3,406.9,370.7,583.3,571.2,0.677,00,2,1.000
175,4,605.5,403.9,779.3,632.4,0.423,01,2,1.000
175,1,349.6,297.7,813.9,746.1,0.294,0,1,1.000
176,3,446.4,380.9,621.6,588.9,0.828,00,2,1.000
176,4,627.2,405.0,832.4,660.6,0.347,01,2,1.000
176,1,405.0,310.1,850.8,748.8,0.283,0,1,1.000
177,3,446.2,380.7,621.7,588.7,0.825,00,2,1.000
177,4,626.5,405.4,832.5,660.6,0.366,01,2,1.000
177,1,404.9,310.4,851.1,749.6,0.282,0,1,1.000
178,3,446.9,380.9,621.7,587.9,0.825,00,2,1.000
178,4,626.1,406.2,832.1,660.7,0.375,01,2,1.000
178,1,405.7,311.2,851.2,747.3,0.275,0,1,1.000
179,3,446.8,380.8,621.6,588.8,0.823,00,2,1.000
179,4,626.4,406.5,832.9,661.5,0.364,01,2,1.000
179,1,404.9,310.1,851.9,750.7,0.284,0,1,1.000
180,3,467.0,310.5,652.3,546.6,0.717,00,2,1.000
180,4,665.9,333.9,875.1,615.6,0.271,01,2,1.000
180,1,402.8,226.3,916.3,719.6,0.250,0,1,1.000
181,1,371.6,48.0,966.5,589.4,0.311,0,1,0.950
182,5,475.1,159.7,660.5,390.9,0.730,01,2,0.588
182,1,371.2,47.4,967.2,589.8,0.309,0,1,0.950
183,5,475.2,159.8,660.4,391.4,0.732,01,2,0.623
183,1,370.5,47.1,966.9,589.7,0.303,0,1,0.950
184,5,465.1,88.6,665.6,342.5,0.590,00,2,0.989
184,1,341.5,11.2,1001.0,550.2,0.158,0,1,1.000
185,5,466.0,89.3,665.2,345.2,0.605,00,2,0.992
185,6,673.9,116.1,909.2,422.4,0.402,01,2,0.992
185,1,347.2,11.3,994.1,551.9,0.160,0,1,1.000
186,5,466.0,88.5,665.4,344.0,0.592,00,2,0.994
186,6,674.2,115.0,908.9,421.5,0.407,01,2,0.994
186,1,347.4,11.0,993.5,552.8,0.154,0,1,1.000
187,5,465.9,88.4,665.4,345.0,0.590,00,2,0.995
187,6,673.7,116.7,908.9,421.7,0.389,01,2,0.995
187,1,348.0,11.2,993.4,549.1,0.142,0,1,1.000
188,5,474.0,184.8,671.6,426.9,0.681,00,2,0.996
188,6,678.1,218.1,905.2,504.0,0.344,01,2,0.996
188,1,440.3,78.9,963.4,603.6,0.293,0,1,1.000
189,5,474.7,184.0,671.3,425.9,0.697,00,2,0.997
189,6,676.5,218.2,903.8,504.9,0.358,01,2,0.997
189,1,439.6,76.1,964.0,605.6,0.309,0,1,1.000
190,3,471.7,287.1,652.7,500.7,0.781,00,2,1.000
190,4,659.1,322.0,890.6,587.6,0.339,01,2,1.000
190,1,387.1,202.2,980.6,705.9,0.159,0,1,1.000
191,3,472.0,288.0,652.1,499.7,0.783,00,2,1.000
191,4,657.7,322.6,890.8,587.1,0.325,01,2,1.000
191,1,387.4,203.2,984.7,708.5,0.166,0,1,1.000
192,3,471.7,286.8,652.1,501.1,0.794,00,2,1.000
192,4,658.2,323.1,890.3,586.7,0.364,01,2,1.000
192,1,388.0,201.7,983.8,708.3,0.164,0,1,1.000
193,3,471.8,285.7,652.0,502.0,0.797,00,2,1.000
193,4,685.9,322.5,886.3,584.9,0.294,01,2,1.000
193,1,387.1,199.2,981.0,707.1,0.179,0,1,1.000
194,3,440.0,330.6,629.2,547.6,0.762,00,2,1.000
194,6,670.2,379.1,854.5,631.5,0.345,01,2,1.000
194,1,387.5,232.5,948.6,755.6,0.124,0,1,1.000
195,3,440.1,330.8,630.7,547.7,0.747,00,2,1.000
195,6,666.9,372.6,857.1,634.2,0.352,01,2,1.000
195,1,386.5,231.1,949.9,759.9,0.127,0,1,1.000
196,3,440.0,331.0,629.5,546.4,0.757,00,2,1.000
196,6,662.2,370.8,857.2,633.6,0.347,01,2,1.000
196,1,387.6,235.1,945.7,756.1,0.134,0,1,1.000
197,3,428.1,333.0,617.3,551.3,0.757,00,1,0.999
197,6,655.7,371.2,849.2,625.6,0.345,01,1,0.999
198,3,427.0,331.7,617.8,551.5,0.754,00,1,0.999
198,6,634.0,361.0,857.0,630.7,0.351,01,1,0.999
199,3,428.8,269.0,622.1,514.1,0.790,00,1,0.999
199,6,625.2,319.8,861.6,612.4,0.465,01,1,0.999
200,3,428.8,269.2,622.2,513.9,0.788,00,1,0.999
200,6,625.1,319.8,860.5,613.8,0.449,01,1,0.999
201,3,428.4,269.4,622.0,514.4,0.784,00,1,0.999
201,6,624.7,319.7,860.6,614.3,0.438,01,1,0.999
202,3,429.2,268.7,622.2,514.5,0.797,00,1,0.999
202,6,626.6,320.5,861.6,610.7,0.470,01,1,0.999
203,3,435.0,272.2,625.9,510.5,0.755,00,1,0.999
203,6,663.4,327.1,876.1,593.2,0.366,01,1,0.999
204,3,435.5,271.9,626.5,509.9,0.754,00,1,0.999
204,6,664.4,327.2,875.9,594.7,0.347,01,1,0.999
205,3,448.4,332.0,627.5,549.8,0.747,00,1,0.999
205,6,695.4,385.2,878.6,644.7,0.334,01,1,0.999
206,3,444.5,328.2,632.6,554.7,0.730,00,1,0.999
206,6,669.6,367.9,890.5,652.9,0.351,01,1,0.999
207,3,444.3,327.3,632.9,553.8,0.733,00,1,0.999
207,6,665.4,366.6,891.0,653.7,0.354,01,1,0.999
208,3,444.0,327.9,632.7,554.8,0.731,00,1,0.999
208,6,668.9,367.4,891.5,652.7,0.360,01,1,0.999
209,3,443.2,310.9,635.9,559.2,0.774,00,1,0.999
209,6,663.7,354.2,896.1,653.2,0.433,01,1,0.999
210,3,443.1,309.9,636.3,558.1,0.779,00,1,0.999
210,6,665.1,354.1,895.2,652.3,0.431,01,1,0.999
211,3,442.4,309.5,636.1,559.1,0.779,00,1,0.999
211,6,664.5,354.1,895.3,652.6,0.432,01,1,0.999
212,3,432.0,229.1,630.3,488.4,0.714,00,1,0.999
212,6,643.4,275.3,899.9,574.4,0.359,01,1,0.999
213,3,432.9,227.7,631.2,488.1,0.720,00,1,0.999
213,6,643.8,275.1,899.5,574.7,0.336,01,1,0.999
214,3,432.2,227.5,631.1,488.9,0.717,00,1,0.999
214,6,643.0,275.9,900.1,576.1,0.349,01,1,0.999
215,3,420.1,220.2,621.8,478.3,0.768,00,1,1.000
215,6,627.8,265.8,907.7,576.6,0.436,01,1,1.000
216,3,420.4,220.7,621.5,477.8,0.757,00,1,1.000
216,6,628.9,265.4,908.1,579.0,0.394,01,1,1.000
217,3,420.2,220.6,621.5,477.7,0.761,00,1,1.000
217,6,628.9,265.7,906.4,579.4,0.403,01,1,1.000
218,3,397.9,328.1,595.8,560.1,0.736,00,1,1.000
218,6,629.5,369.3,860.4,653.7,0.497,01,1,1.000
219,3,397.8,328.4,595.9,560.0,0.731,00,1,1.000
219,6,628.5,369.4,860.1,655.4,0.491,01,1,1.000
220,3,398.0,328.0,596.0,560.3,0.731,00,1,1.000
220,6,629.3,369.3,860.4,654.7,0.497,01,1,1.000
221,3,384.3,384.2,580.1,605.2,0.712,00,1,1.000
221,6,661.2,440.9,837.6,711.2,0.454,01,1,1.000
222,3,384.5,384.2,579.9,604.9,0.713,00,1,1.000
222,6,660.7,441.3,837.7,711.0,0.443,01,1,1.000
223,3,384.4,384.1,580.2,605.3,0.706,00,1,1.000
223,6,660.6,441.2,837.8,711.0,0.446,01,1,1.000
224,3,376.4,351.7,573.6,581.0,0.732,00,1,1.000
224,6,663.4,410.6,837.0,685.2,0.454,01,1,1.000
225,3,376.5,351.2,573.6,581.5,0.732,00,1,1.000
225,6,663.4,409.6,837.1,684.8,0.468,01,1,1.000
226,3,376.7,351.5,573.8,581.3,0.721,00,1,1.000
226,6,664.4,410.2,836.7,684.3,0.468,01,1,1.000
227,3,373.2,262.5,590.2,530.1,0.780,00,1,1.000
227,6,608.9,321.8,870.5,629.1,0.429,01,1,1.000
228,3,373.3,262.6,589.8,530.3,0.783,00,1,1.000
228,6,608.9,321.6,870.1,627.6,0.454,01,1,1.000
229,3,373.1,262.6,590.0,532.2,0.781,00,1,1.000
229,6,607.9,321.5,869.2,627.8,0.457,01,1,1.000
230,3,385.8,153.8,612.3,440.7,0.672,00,1,1.000
230,6,625.5,218.5,911.2,547.5,0.362,01,1,1.000
231,3,386.2,153.7,612.5,441.4,0.673,00,1,1.000
231,6,626.3,218.5,911.4,547.8,0.356,01,1,1.000
232,3,386.4,153.5,612.1,440.6,0.678,00,1,1.000
232,6,623.8,219.1,911.5,547.5,0.368,01,1,1.000
233,3,369.1,148.7,592.5,434.7,0.728,00,1,1.000
233,6,606.8,212.6,890.1,540.4,0.311,01,1,1.000
234,3,369.1,148.4,592.5,434.6,0.726,00,1,1.000
234,6,610.8,212.5,887.2,540.3,0.318,01,1,1.000
235,3,369.2,148.4,592.4,434.3,0.723,00,1,1.000
235,6,605.4,211.9,888.2,543.2,0.317,01,1,1.000
236,3,302.7,247.2,526.7,515.5,0.655,00,1,1.000
236,5,553.9,319.3,812.6,624.7,0.473,01,1,1.000
237,3,303.3,247.5,526.1,516.4,0.655,00,1,1.000
237,5,553.3,318.7,812.9,624.8,0.444,01,1,1.000
238,3,302.7,247.1,525.8,515.3,0.651,00,1,1.000
238,5,550.2,319.3,813.0,624.6,0.460,01,1,1.000
239,3,240.1,291.7,479.4,571.8,0.674,00,1,1.000
239,5,509.2,359.2,765.8,666.4,0.438,01,1,1.000
240,3,240.1,291.4,479.3,569.8,0.677,00,1,1.000
240,5,511.5,359.1,766.1,664.4,0.451,01,1,1.000
241,3,240.4,291.5,479.3,572.0,0.673,00,1,1.000
241,5,508.9,359.1,765.6,666.1,0.454,01,1,1.000
242,3,206.0,251.5,455.3,531.6,0.599,00,1,1.000
242,5,479.5,310.8,749.4,631.9,0.471,01,1,1.000
243,3,204.4,251.4,454.9,536.6,0.591,00,1,1.000
243,5,479.6,310.6,749.6,633.7,0.465,01,1,1.000
244,3,205.6,252.2,454.7,531.1,0.591,00,1,1.000
244,5,478.5,310.3,749.3,633.0,0.470,01,1,1.000
245,3,184.6,199.1,444.3,510.7,0.671,00,1,1.000
245,5,460.5,271.0,738.8,604.0,0.603,01,1,1.000
246,3,184.1,197.7,444.4,514.4,0.670,00,1,1.000
246,5,460.7,271.2,738.2,601.4,0.606,01,1,1.000
247,3,184.8,198.8,444.3,511.0,0.670,00,1,1.000
247,5,460.7,269.6,738.8,600.4,0.610,01,1,1.000
248,3,172.3,187.9,440.0,487.9,0.656,00,1,1.000
248,5,461.4,257.7,735.3,602.6,0.527,01,1,1.000
249,3,172.2,187.8,439.9,488.6,0.651,00,1,1.000
249,5,462.1,257.6,734.5,602.0,0.534,01,1,1.000
250,3,172.6,187.9,439.8,488.2,0.653,00,1,1.000
250,5,460.9,258.4,734.4,601.1,0.562,01,1,1.000
251,3,186.1,200.5,443.0,490.5,0.650,00,1,1.000
251,5,467.6,267.4,757.6,600.7,0.548,01,1,1.000
252,3,186.0,199.5,443.6,490.0,0.653,00,1,1.000
252,5,467.3,268.2,757.6,601.5,0.543,01,1,1.000
253,3,185.9,200.6,443.2,488.3,0.643,00,1,1.000
253,5,469.4,267.2,758.1,601.2,0.526,01,1,1.000
254,3,213.3,215.7,471.5,519.9,0.610,00,1,1.000
254,5,496.7,291.2,782.9,630.5,0.567,01,1,1.000
255,3,214.0,217.3,471.1,516.6,0.608,00,1,1.000
255,5,497.7,291.8,782.9,630.5,0.548,01,1,1.000
256,3,213.5,217.0,471.3,514.0,0.610,00,1,1.000
256,5,497.2,291.1,783.1,631.2,0.549,01,1,1.000
257,3,222.7,198.0,492.5,522.8,0.621,00,1,1.000
257,5,514.0,270.5,797.2,631.6,0.567,01,1,1.000
258,3,222.4,198.9,492.3,523.4,0.631,00,1,1.000
258,5,513.6,272.2,797.3,634.6,0.527,01,1,1.000
259,3,218.3,152.8,485.9,465.1,0.683,00,1,1.000
259,5,508.9,223.6,807.6,597.3,0.465,01,1,1.000
260,3,217.9,153.0,486.3,467.6,0.665,00,1,1.000
260,5,509.1,224.3,806.9,595.1,0.488,01,1,1.000
261,3,217.9,153.3,485.7,464.7,0.669,00,1,1.000
261,5,510.2,224.0,807.2,597.7,0.473,01,1,1.000
262,3,218.0,153.3,486.1,469.4,0.644,00,1,1.000
262,5,510.1,222.2,807.1,600.3,0.458,01,1,1.000
263,3,228.8,76.9,517.9,441.6,0.617,00,1,1.000
263,5,528.9,184.9,838.5,554.9,0.458,01,1,1.000
264,3,229.9,77.7,517.1,440.0,0.627,00,1,1.000
264,5,529.2,185.0,838.2,554.6,0.464,01,1,1.000
265,3,229.2,77.3,517.5,440.6,0.622,00,1,1.000
265,5,528.4,185.3,837.3,554.1,0.473,01,1,1.000
266,3,276.5,31.4,573.9,412.8,0.608,00,1,1.000
266,5,611.5,125.0,917.3,523.0,0.352,01,1,1.000
267,3,276.9,32.2,573.4,411.9,0.615,00,1,1.000
267,5,611.8,127.0,916.7,522.9,0.355,01,1,1.000
268,3,277.1,32.5,574.1,416.5,0.598,00,1,1.000
268,5,610.8,128.2,917.2,522.9,0.355,01,1,1.000
269,3,302.0,18.0,604.3,383.1,0.598,00,1,1.000
269,5,627.3,111.7,953.4,496.7,0.365,01,1,1.000
270,3,302.5,17.8,604.1,381.6,0.590,00,1,1.000
270,5,627.2,111.8,954.8,495.7,0.354,01,1,1.000
271,3,302.8,19.2,604.1,382.8,0.592,00,1,1.000
271,5,627.1,110.9,953.8,495.7,0.355,01,1,1.000
272,3,287.3,24.1,592.2,384.5,0.573,00,1,1.000
272,5,629.5,97.0,954.4,514.7,0.274,01,1,1.000
273,3,288.0,25.4,592.1,383.1,0.580,00,1,1.000
273,5,631.7,96.4,953.5,514.3,0.269,01,1,1.000
274,3,287.2,24.5,592.6,387.0,0.571,00,1,1.000
274,5,631.3,98.7,954.4,516.7,0.267,01,1,1.000
275,3,269.4,59.3,559.8,423.1,0.651,00,1,1.000
275,5,602.1,155.3,915.7,548.6,0.294,01,1,1.000
276,3,270.0,59.8,559.3,418.6,0.660,00,1,1.000
276,5,600.4,155.9,915.7,548.6,0.309,01,1,1.000
277,3,269.0,58.4,559.4,419.5,0.642,00,1,1.000
277,5,599.2,156.0,917.1,549.0,0.285,01,1,1.000
278,3,237.8,180.1,522.4,498.7,0.546,00,1,1.000
278,5,552.0,263.2,878.7,643.7,0.345,01,1,1.000
279,3,237.5,180.6,522.3,499.4,0.536,00,1,1.000
279,5,553.0,263.6,879.3,642.8,0.324,01,1,1.000
280,3,237.2,181.4,522.2,504.6,0.499,00,1,1.000
280,5,552.5,263.7,879.6,643.2,0.324,01,1,1.000
281,3,210.3,165.9,532.7,559.2,0.542,00,1,1.000
281,5,557.6,296.3,884.9,685.4,0.339,01,1,1.000
282,3,210.3,165.9,532.6,558.6,0.535,00,1,1.000
282,5,556.3,297.3,885.3,685.2,0.346,01,1,1.000
283,3,210.1,165.4,532.8,559.4,0.544,00,1,1.000
283,5,557.0,297.5,886.1,685.3,0.347,01,1,1.000
284,3,258.2,98.6,548.9,463.8,0.558,00,1,1.000
284,5,601.9,213.3,916.9,600.2,0.229,01,1,1.000
285,3,258.7,98.4,549.8,462.0,0.571,00,1,1.000
285,5,603.8,213.6,917.0,600.7,0.215,01,1,1.000
286,3,258.5,97.9,550.1,465.3,0.552,00,1,1.000
286,5,600.6,213.6,917.0,600.2,0.232,01,1,1.000
287,3,275.7,33.6,593.8,449.1,0.441,00,1,1.000
287,5,623.1,147.2,983.7,570.8,0.286,01,1,1.000
288,3,276.1,34.1,594.1,450.0,0.439,00,1,1.000
288,5,623.5,146.2,983.9,573.2,0.295,01,1,1.000
289,3,275.8,34.2,593.8,450.1,0.436,00,1,1.000
289,5,623.3,148.3,983.3,570.0,0.293,01,1,1.000
290,3,315.3,64.9,614.8,426.2,0.510,00,1,1.000
290,5,661.9,168.7,1034.7,596.5,0.374,01,1,1.000
291,3,315.8,65.5,614.6,424.6,0.506,00,1,1.000
291,5,661.8,171.0,1034.5,596.8,0.376,01,1,1.000
292,3,315.8,65.5,614.8,426.1,0.508,00,1,1.000
292,5,662.9,171.7,1034.5,593.8,0.380,01,1,1.000
293,3,290.1,97.0,597.5,491.1,0.527,00,1,1.000
293,5,664.9,229.5,995.1,642.6,0.283,01,1,1.000
294,3,289.0,95.9,597.8,492.2,0.521,00,1,1.000
294,5,666.3,229.8,995.1,637.5,0.296,01,1,1.000
295,3,289.4,97.5,597.7,491.1,0.531,00,1,1.000
295,5,666.2,230.8,994.9,638.6,0.296,01,1,1.000
296,3,234.5,143.0,554.6,511.7,0.380,00,1,1.000
296,5,667.9,295.2,926.0,654.2,0.325,01,1,1.000
297,3,235.1,144.2,554.2,511.5,0.388,00,1,1.000
297,5,669.1,296.5,924.9,653.9,0.323,01,1,1.000
298,3,235.0,143.7,554.1,510.9,0.409,00,1,1.000
298,5,670.9,297.2,924.3,654.7,0.316,01,1,1.000
299,3,210.4,174.5,534.0,547.2,0.514,00,1,1.000
299,5,579.6,306.9,930.7,713.5,0.421,01,1,1.000
300,3,209.1,173.1,533.9,551.2,0.490,00,1,1.000
300,5,578.3,306.8,930.2,712.8,0.435,01,1,1.000
301,3,210.3,173.4,534.3,550.9,0.502,00,1,1.000
301,5,579.9,306.2,931.9,715.4,0.422,01,1,1.000
302,3,256.4,197.8,567.1,561.6,0.370,00,1,1.000
302,5,601.2,316.0,989.3,753.5,0.365,01,1,1.000
303,5,600.9,314.8,988.3,752.9,0.373,01,1,1.000
303,3,255.7,197.5,567.0,562.0,0.364,00,1,1.000
304,5,599.3,315.6,987.7,752.3,0.381,01,1,1.000
304,3,245.6,172.0,569.3,591.7,0.368,00,1,1.000
305,3,248.4,158.5,587.9,580.2,0.383,00,1,1.000
305,5,641.3,305.7,1006.3,742.1,0.319,01,1,1.000
306,3,248.1,158.3,588.1,580.5,0.380,00,1,1.000
306,5,638.5,305.7,1005.9,741.8,0.323,01,1,1.000
307,3,248.0,158.3,588.8,584.1,0.360,00,1,1.000
307,5,639.5,305.7,1005.9,742.3,0.319,01,1,1.000
308,3,221.9,158.0,544.4,524.0,0.363,00,1,1.000
308,5,602.6,291.8,974.7,709.2,0.359,01,1,1.000
309,3,221.2,158.5,544.5,525.3,0.344,00,1,1.000
309,5,603.1,291.1,975.4,708.5,0.341,01,1,1.000
310,3,220.5,158.1,545.0,525.1,0.352,00,1,1.000
310,5,603.5,291.5,974.8,707.0,0.346,01,1,1.000
311,3,178.5,164.1,520.4,534.7,0.518,00,1,1.000
311,5,583.5,302.2,957.9,739.1,0.335,01,1,1.000
312,3,177.8,164.0,520.5,534.9,0.522,00,1,1.000
312,5,581.1,301.9,957.8,739.7,0.334,01,1,1.000
313,3,178.3,162.7,520.5,533.4,0.522,00,1,1.000
313,5,581.5,301.5,958.5,739.4,0.332,01,1,1.000
314,5,556.7,360.5,964.8,806.3,0.477,01,1,1.000
314,3,129.0,225.1,520.7,613.0,0.458,00,1,1.000
315,5,555.8,360.4,963.2,806.3,0.475,01,1,1.000
315,3,129.7,225.4,520.7,612.6,0.466,00,1,1.000
316,5,556.0,360.7,962.2,806.2,0.484,01,1,1.000
316,3,129.1,225.5,520.5,612.9,0.474,00,1,1.000
317,5,554.8,386.3,978.9,847.1,0.497,01,1,1.000
317,3,131.7,241.7,524.9,647.0,0.372,00,1,1.000
318,5,555.7,386.5,979.3,846.7,0.490,01,1,1.000
318,3,130.8,242.1,524.9,647.0,0.382,00,1,1.000
319,5,556.6,386.2,979.4,847.0,0.484,01,1,1.000
319,3,130.9,241.7,525.0,647.0,0.381,00,1,1.000
320,5,603.7,358.1,1002.1,806.2,0.469,01,1,1.000
320,3,137.2,201.1,537.3,616.1,0.344,00,1,1.000
321,5,603.0,357.9,1002.5,806.0,0.471,01,1,1.000
321,3,137.0,201.2,537.5,616.8,0.344,00,1,1.000
322,5,600.6,357.6,1001.6,805.9,0.474,01,1,1.000
322,3,138.5,200.6,537.7,614.2,0.331,00,1,1.000
323,5,573.2,329.1,1033.5,813.2,0.528,01,1,1.000
323,3,159.6,179.7,542.2,592.5,0.519,00,1,1.000
324,5,584.1,331.3,1013.5,812.2,0.521,01,1,1.000
324,3,159.6,179.3,542.2,591.7,0.516,00,1,1.000
324,7,701.9,400.6,998.7,774.1,0.419,010,2,0.588
325,5,583.2,331.3,1013.3,811.1,0.520,01,1,1.000
325,3,159.6,179.5,542.3,591.9,0.516,00,1,1.000
325,7,701.9,400.3,998.8,773.8,0.400,010,2,0.623
326,5,592.1,347.3,1021.5,816.6,0.516,01,1,1.000
326,3,150.8,190.1,540.0,599.8,0.474,00,1,1.000
326,7,705.8,404.1,1011.8,798.4,0.278,010,2,0.654
327,5,592.2,347.3,1021.1,815.4,0.514,01,1,1.000
327,3,150.6,190.3,540.0,601.4,0.466,00,1,1.000
327,7,705.8,403.9,1011.3,797.5,0.278,010,2,0.682
328,5,592.3,347.0,1020.3,815.5,0.506,01,1,1.000
328,3,150.4,190.3,540.1,601.3,0.463,00,1,1.000
329,5,607.2,348.0,1033.9,822.6,0.517,01,1,1.000
329,3,152.2,179.7,542.2,592.2,0.501,00,1,1.000
330,5,604.7,347.7,1033.3,822.8,0.517,01,1,1.000
330,3,152.1,179.6,542.2,590.6,0.491,00,1,1.000
331,5,603.6,347.5,1032.4,824.1,0.527,01,1,1.000
331,3,151.9,179.5,542.2,588.3,0.491,00,1,1.000
332,3,157.4,150.8,564.3,563.9,0.472,00,1,1.000
332,5,649.2,290.7,1070.5,803.2,0.417,01,1,1.000
332,7,811.2,445.8,1032.3,704.6,0.324,010,2,0.787
333,3,158.1,151.4,564.0,562.3,0.480,00,1,1.000
333,5,648.1,291.4,1070.3,805.1,0.412,01,1,1.000
333,7,811.7,445.1,1032.4,704.2,0.322,010,2,0.803
334,3,157.8,151.7,563.5,562.6,0.492,00,1,1.000
334,5,644.6,292.2,1070.2,805.9,0.416,01,1,1.000
334,7,811.4,444.6,1033.3,704.5,0.319,010,2,0.817
335,3,170.5,137.1,568.7,557.1,0.512,00,1,1.000
335,5,749.6,391.7,1070.1,779.1,0.330,01,1,1.000
335,7,823.8,451.4,1056.2,703.2,0.306,010,2,0.830
336,3,170.5,137.7,568.9,557.6,0.515,00,1,1.000
336,5,749.9,391.5,1070.2,779.4,0.340,01,1,1.000
336,7,823.7,451.0,1056.4,702.4,0.301,010,2,0.841
337,3,168.5,137.0,568.8,558.8,0.508,00,1,1.000
337,5,751.3,391.4,1069.9,778.5,0.395,01,1,1.000
337,7,823.9,452.4,1054.8,703.3,0.308,010,2,0.851
338,7,812.3,439.5,1060.4,709.0,0.628,010,2,0.861
338,3,149.7,160.7,561.3,577.6,0.572,00,1,1.000
338,5,582.1,197.8,1116.3,863.9,0.144,01,1,1.000
339,7,811.4,439.4,1061.1,709.5,0.624,010,2,0.869
339,3,150.2,160.1,561.9,575.6,0.571,00,1,1.000
339,5,582.8,194.6,1117.7,863.8,0.143,01,1,1.000
340,7,811.3,439.1,1060.8,709.2,0.629,010,2,0.877
340,3,150.2,159.8,561.7,576.5,0.569,00,1,1.000
340,5,583.4,203.5,1115.1,861.6,0.143,01,1,1.000
341,7,807.3,473.2,1061.0,736.6,0.636,010,2,0.884
341,3,144.6,174.1,546.3,600.0,0.596,00,1,1.000
341,5,452.9,43.2,1108.4,898.0,0.104,01,1,1.000
342,7,807.3,473.3,1061.0,736.3,0.629,010,2,0.890
342,3,144.2,174.2,546.2,599.6,0.602,00,1,1.000
342,5,451.9,43.3,1108.7,899.5,0.102,01,1,1.000
343,7,808.2,472.9,1061.2,735.7,0.618,010,2,0.896
343,3,144.3,174.4,546.0,597.7,0.593,00,1,1.000
343,5,652.4,342.7,1084.9,825.6,0.279,01,1,1.000
344,7,796.8,470.7,1058.9,738.8,0.612,010,2,0.901
344,3,118.6,172.6,536.3,598.4,0.593,00,1,1.000
344,5,586.8,290.4,1097.9,856.9,0.171,01,1,1.000
345,7,797.1,471.5,1059.1,737.9,0.615,010,2,0.906
345,3,119.3,172.4,536.5,597.5,0.595,00,1,1.000
345,5,587.2,289.3,1099.3,856.9,0.168,01,1,1.000
346,7,795.9,471.7,1059.2,738.8,0.614,010,2,0.910
346,3,119.0,171.9,536.8,598.3,0.592,00,1,1.000
346,5,651.5,343.9,1084.9,819.8,0.203,01,1,1.000
347,7,785.6,489.7,1049.7,748.4,0.625,010,2,0.914
347,3,98.1,175.8,525.1,600.2,0.596,00,1,1.000
347,5,660.9,362.8,1083.7,810.0,0.140,01,1,1.000
348,7,786.7,491.1,1048.7,746.5,0.597,010,2,0.917
348,3,97.8,175.7,525.8,597.6,0.595,00,1,1.000
348,5,658.7,362.7,1084.7,811.6,0.129,01,1,1.000
349,7,771.1,513.7,1050.6,782.4,0.680,010,2,0.920
349,3,85.0,212.2,516.4,639.8,0.591,00,1,1.000
349,5,689.4,412.4,1072.0,812.0,0.183,01,1,1.000
350,7,771.4,513.4,1051.3,782.5,0.688,010,2,0.923
350,3,85.2,211.9,516.2,639.6,0.592,00,1,1.000
350,5,690.1,412.4,1072.6,813.0,0.190,01,1,1.000
351,7,770.9,514.3,1051.5,782.2,0.688,010,2,0.926
351,3,85.1,212.0,516.0,638.7,0.592,00,1,1.000
351,5,689.1,412.3,1073.3,812.2,0.174,01,1,1.000
352,7,771.1,515.4,1050.9,782.6,0.691,010,2,0.928
352,3,84.9,212.0,516.2,639.1,0.590,00,1,1.000
352,5,690.5,412.3,1072.6,813.0,0.178,01,1,1.000
353,7,775.6,529.9,1048.1,786.1,0.700,010,2,0.930
353,3,72.0,203.2,512.3,649.5,0.598,00,1,1.000
353,5,664.3,420.7,1082.4,828.3,0.122,01,1,1.000
354,7,774.9,529.7,1048.2,785.5,0.700,010,2,0.932
354,3,72.9,202.9,511.7,648.1,0.597,00,1,1.000
354,5,664.0,419.7,1081.6,828.5,0.137,01,1,1.000
355,7,774.6,528.2,1048.4,785.5,0.704,010,2,0.934
355,3,72.2,203.1,511.7,648.2,0.598,00,1,1.000
355,5,663.7,420.0,1080.4,828.4,0.136,01,1,1.000
356,7,811.0,471.3,1059.5,743.3,0.651,01,1,0.999
356,3,89.0,141.2,535.3,615.2,0.587,00,1,0.999
357,7,810.2,470.6,1058.8,743.8,0.657,01,1,1.000
357,3,89.8,141.1,535.1,614.5,0.584,00,1,1.000
358,7,810.6,472.5,1057.6,742.0,0.644,01,1,1.000
358,3,89.0,141.0,535.3,615.3,0.584,00,1,1.000
359,3,93.2,104.9,554.1,595.9,0.640,00,1,0.999
359,7,835.2,459.4,1081.6,710.7,0.497,01,1,0.999
360,3,93.1,105.1,553.5,595.2,0.638,00,1,0.999
360,7,841.7,469.6,1069.9,705.3,0.502,01,1,0.999
361,3,92.8,105.1,553.6,595.8,0.637,00,1,1.000
361,7,834.5,459.9,1081.3,708.9,0.526,01,1,1.000
362,3,91.7,109.4,555.2,606.0,0.602,00,1,0.995
362,7,847.4,465.4,1083.9,729.1,0.500,010,2,0.942
363,3,91.0,109.8,555.1,604.9,0.605,00,1,0.996
363,7,848.3,466.6,1083.5,728.8,0.501,010,2,0.943
363,8,532.3,84.3,1128.9,914.5,0.320,01,1,0.996
364,3,92.9,109.9,554.8,603.7,0.605,00,1,0.996
364,7,847.9,467.7,1083.0,730.4,0.489,010,2,0.943
364,8,532.3,84.7,1128.8,914.3,0.326,01,1,0.996
365,7,812.5,511.0,1067.4,771.1,0.734,01,1,1.000
365,3,51.8,168.8,518.8,657.9,0.570,00,1,1.000
366,7,812.8,510.8,1065.8,770.6,0.725,01,1,1.000
366,3,52.0,168.7,517.7,657.9,0.573,00,1,1.000
367,7,813.6,511.5,1065.9,769.8,0.730,01,1,1.000
367,3,51.9,168.6,518.0,657.8,0.573,00,1,1.000
368,3,69.4,205.2,440.4,692.8,0.609,00,1,1.000
368,5,720.2,585.8,1009.5,855.6,0.485,01,1,1.000
369,3,69.5,205.3,440.5,692.5,0.609,00,1,1.000
369,5,720.0,584.8,1011.1,855.9,0.491,01,1,1.000
370,3,69.4,204.8,440.4,692.6,0.610,00,1,1.000
370,5,719.6,584.8,1011.5,855.6,0.488,01,1,1.000
371,3,71.1,214.5,413.3,707.0,0.530,00,1,1.000
371,5,696.3,626.3,958.1,878.2,0.506,01,1,1.000
372,3,71.5,214.6,412.9,705.6,0.526,00,1,1.000
372,5,696.0,625.5,958.4,878.5,0.516,01,1,1.000
373,3,71.5,214.3,413.3,706.2,0.526,00,1,1.000
373,5,696.5,624.9,960.3,877.9,0.504,01,1,1.000
374,3,66.7,209.6,457.3,702.7,0.611,00,1,1.000
374,7,757.0,573.4,1050.2,853.2,0.501,01,1,1.000
375,3,66.5,209.1,457.4,702.9,0.611,00,1,1.000
375,7,757.7,573.4,1050.0,852.3,0.511,01,1,1.000
376,3,65.7,209.5,457.2,702.6,0.607,00,1,1.000
376,7,756.9,573.9,1049.8,853.5,0.515,01,1,1.000
377,3,54.2,164.0,499.7,673.7,0.613,00,1,1.000
377,7,816.7,555.7,1045.0,810.3,0.558,01,1,1.000
378,3,54.3,164.2,499.8,674.2,0.614,00,1,1.000
378,7,815.9,553.9,1045.3,810.6,0.568,01,1,1.000
379,3,54.1,163.8,499.6,675.0,0.614,00,1,1.000
379,7,815.5,552.8,1046.5,810.0,0.582,01,1,1.000
380,3,58.7,114.1,503.2,646.9,0.540,00,1,1.000
380,7,840.8,532.6,1053.0,774.1,0.484,01,1,1.000
381,3,59.2,114.8,502.9,646.8,0.540,00,1,1.000
381,7,839.5,529.1,1053.5,775.6,0.493,01,1,1.000
382,3,59.3,114.3,502.8,647.7,0.542,00,1,1.000
382,7,838.7,525.8,1053.2,774.4,0.511,01,1,1.000
383,7,797.8,518.1,1053.8,802.9,0.673,01,1,1.000
383,3,63.5,130.8,471.9,652.7,0.542,00,1,1.000
384,7,797.9,518.0,1054.3,803.3,0.678,01,1,1.000
384,3,63.3,131.9,472.1,653.6,0.551,00,1,1.000
385,7,797.9,516.8,1054.6,804.5,0.681,01,1,1.000
385,3,63.2,131.8,471.6,653.2,0.547,00,1,1.000
386,7,746.1,622.4,995.4,868.9,0.574,01,1,1.000
386,3,65.1,173.2,429.9,704.4,0.493,00,1,1.000
387,7,746.3,620.8,997.9,868.9,0.569,01,1,1.000
387,3,65.7,172.0,429.8,704.6,0.490,00,1,1.000
388,7,747.4,622.4,995.1,869.1,0.557,01,1,1.000
388,3,65.7,171.2,430.1,702.6,0.492,00,1,1.000
389,7,746.2,630.8,1001.6,873.3,0.548,01,1,1.000
389,3,68.1,183.3,409.9,702.7,0.477,00,1,1.000
390,7,745.9,630.6,1001.8,873.7,0.533,01,1,1.000
390,3,67.3,181.7,409.1,703.0,0.478,00,1,1.000
391,7,745.9,630.6,1001.7,873.4,0.538,01,1,1.000
391,3,67.4,183.1,409.1,702.4,0.475,00,1,1.000
392,7,812.1,530.6,1051.8,790.8,0.548,01,1,1.000
392,3,68.1,126.3,464.4,648.9,0.535,00,1,1.000
393,7,803.8,519.1,1051.6,800.0,0.542,01,1,1.000
393,3,67.9,126.4,464.4,648.9,0.538,00,1,1.000
394,7,803.8,519.9,1050.1,800.1,0.539,01,1,1.000
394,3,67.5,125.9,464.1,649.6,0.537,00,1,1.000
395,7,844.7,501.8,1073.1,755.1,0.604,01,1,1.000
395,3,61.5,87.1,494.7,631.1,0.510,00,1,1.000
396,7,845.1,502.4,1073.5,755.6,0.615,01,1,1.000
396,3,61.9,84.7,494.8,632.5,0.509,00,1,1.000
397,7,844.5,501.7,1073.0,757.4,0.595,01,1,1.000
397,3,61.6,84.0,495.3,631.4,0.508,00,1,1.000
398,7,797.7,558.6,1047.5,830.6,0.568,01,1,1.000
398,3,70.7,134.1,453.6,655.1,0.537,00,1,1.000
399,7,798.8,558.1,1048.6,830.5,0.569,01,1,1.000
399,3,70.8,134.5,453.0,655.1,0.537,00,1,1.000
400,7,797.9,558.2,1049.0,831.5,0.569,01,1,1.000
400,3,71.3,134.4,453.2,656.9,0.536,00,1,1.000
401,7,685.2,532.0,1061.7,851.4,0.618,01,1,1.000
401,3,46.8,139.9,366.8,680.1,0.507,00,1,1.000
402,7,685.6,529.4,1061.7,854.1,0.624,01,1,1.000
402,3,47.2,139.6,366.7,679.7,0.504,00,1,1.000
403,7,685.7,531.4,1061.4,851.0,0.605,01,1,1.000
403,3,46.2,140.2,366.9,680.5,0.503,00,1,1.000
404,7,569.4,410.5,952.9,747.1,0.779,01,1,0.950
405,7,570.1,410.2,952.9,746.6,0.778,01,1,0.950
406,7,570.6,410.5,952.7,746.2,0.781,01,1,0.950
407,7,508.1,297.2,884.4,629.7,0.756,01,1,0.950
408,7,507.7,297.1,884.1,629.6,0.761,01,1,0.950
409,7,508.2,297.3,884.4,630.3,0.757,01,1,0.950
410,7,510.8,272.6,893.9,613.5,0.707,01,1,0.950
411,7,510.0,272.6,894.0,613.8,0.704,01,1,0.950
412,7,508.7,272.4,893.9,613.7,0.699,01,1,0.950
413,7,510.0,275.7,905.2,616.0,0.684,01,1,0.950
414,7,508.3,275.7,905.0,616.6,0.665,01,1,0.950
415,7,508.2,275.4,905.2,616.5,0.664,01,1,0.950
416,7,500.1,277.0,881.4,628.6,0.643,01,1,0.950
417,7,500.3,276.7,881.7,628.7,0.641,01,1,0.950
418,7,499.4,276.8,881.4,629.2,0.635,01,1,0.950
419,7,472.8,288.7,864.5,650.4,0.662,01,1,0.950
420,7,473.4,288.8,864.6,650.3,0.665,01,1,0.950
421,7,472.8,288.6,864.4,651.1,0.668,01,1,0.950
422,7,472.1,299.8,873.5,641.0,0.635,01,1,0.950
423,7,472.4,299.9,873.4,641.0,0.640,01,1,0.950
424,7,472.1,300.0,873.5,641.1,0.639,01,1,0.950
425,7,465.7,300.3,873.4,648.7,0.619,01,1,0.950
426,7,466.4,300.3,873.6,648.5,0.627,01,1,0.950
427,7,466.1,300.6,874.0,648.7,0.620,01,1,0.950
428,7,469.9,301.8,861.6,662.9,0.612,01,1,0.950
429,7,469.4,300.8,861.5,663.5,0.597,01,1,0.950
430,7,471.3,299.2,861.5,663.1,0.604,01,1,0.950
431,7,467.1,311.9,863.2,676.1,0.566,01,1,0.950
432,7,467.8,311.8,863.4,675.6,0.569,01,1,0.950
433,7,467.5,312.4,863.2,676.2,0.570,01,1,0.950
434,7,450.5,327.0,890.3,727.8,0.465,01,1,0.950
435,7,449.9,327.3,890.3,729.0,0.464,01,1,0.950
436,7,448.5,327.2,890.5,727.9,0.459,01,1,0.950
437,7,441.9,328.0,915.8,734.9,0.487,01,1,0.950
438,7,442.4,327.9,916.1,734.2,0.486,01,1,0.950
439,7,443.1,327.6,916.3,736.3,0.493,01,1,0.950
440,7,435.1,327.7,920.8,739.1,0.480,01,1,0.950
441,7,435.0,327.7,921.1,740.3,0.473,01,1,0.950
442,7,436.5,328.1,921.0,740.6,0.476,01,1,0.950
443,7,428.5,328.7,920.3,744.5,0.467,01,1,0.950
444,7,428.3,328.8,919.9,743.7,0.472,01,1,0.950
445,7,432.5,329.3,919.5,741.5,0.486,01,1,0.950
446,7,433.7,331.8,920.8,756.9,0.512,01,1,0.950
447,7,434.1,331.9,920.5,753.7,0.514,01,1,0.950
448,7,433.6,331.7,920.6,753.1,0.515,01,1,0.950
449,7,400.4,349.8,941.1,761.1,0.561,01,1,0.950
450,7,400.8,349.8,939.9,759.9,0.568,01,1,0.950
451,7,401.7,349.8,940.3,759.5,0.567,01,1,0.950
452,7,378.5,357.7,939.4,798.7,0.532,01,1,0.950
453,7,379.0,358.0,938.7,797.0,0.537,01,1,0.950
454,7,379.1,358.0,939.1,798.4,0.538,01,1,0.950
455,7,377.0,361.1,947.1,804.4,0.553,01,1,0.950
456,7,378.1,360.7,947.2,805.1,0.552,01,1,0.950
457,7,376.7,361.1,946.9,804.3,0.555,01,1,0.950
458,7,389.1,357.1,992.5,810.5,0.511,01,1,0.950
459,7,390.6,357.1,992.1,811.1,0.516,01,1,0.950
460,7,387.0,357.2,992.7,810.7,0.520,01,1,0.950
461,7,379.3,356.8,1015.6,826.5,0.518,01,1,0.950
462,7,378.1,356.5,1015.9,829.1,0.505,01,1,0.950
463,7,380.3,356.8,1014.8,825.5,0.519,01,1,0.950
464,7,355.2,402.5,1020.9,850.3,0.512,01,1,0.950
465,7,353.2,402.4,1021.7,850.4,0.512,01,1,0.950
466,7,354.8,402.4,1021.3,849.7,0.517,01,1,0.950
467,7,349.2,410.5,1020.5,874.6,0.448,01,1,0.950
468,7,350.8,410.6,1020.1,872.1,0.457,01,1,0.950
469,7,351.9,410.5,1018.8,871.1,0.466,01,1,0.950
470,7,324.4,399.3,1029.2,874.5,0.377,01,1,0.950
471,7,319.6,399.4,1029.2,879.1,0.351,01,1,0.950
472,7,317.6,364.8,1032.8,879.2,0.321,01,1,0.950
473,7,319.9,364.6,1032.6,879.5,0.328,01,1,0.950
474,7,317.1,365.2,1032.5,879.5,0.319,01,1,0.950
475,7,317.2,364.8,1031.9,879.3,0.328,01,1,0.950
476,7,306.0,402.9,1058.0,897.4,0.318,01,1,0.950
477,7,304.7,403.4,1058.5,899.3,0.316,01,1,0.950
478,7,303.4,402.9,1058.2,898.0,0.317,01,1,0.950
479,7,295.0,411.0,1065.2,901.9,0.278,01,1,0.950
480,7,295.0,410.7,1065.2,901.9,0.287,01,1,0.950
481,7,292.3,410.6,1066.9,903.7,0.266,01,1,0.950
482,7,285.2,409.9,1055.0,938.0,0.181,01,1,0.950
483,7,285.9,410.2,1055.2,938.2,0.184,01,1,0.950
484,7,286.6,410.0,1055.8,935.9,0.190,01,1,0.950
485,7,280.6,409.3,1052.5,932.9,0.165,01,1,0.950
486,7,280.6,408.9,1053.8,933.3,0.170,01,1,0.950
487,7,278.7,408.1,1054.3,935.4,0.164,01,1,0.950
488,7,274.3,407.3,1065.0,932.0,0.139,01,1,0.950
489,7,274.3,407.3,1065.0,934.1,0.141,01,1,0.950
490,7,272.0,406.7,1065.8,937.7,0.138,01,1,0.950
507,9,430.4,517.5,549.7,622.1,0.328,010,1,0.588
508,9,430.1,517.6,549.6,622.0,0.314,010,1,0.623
509,9,437.0,501.9,557.5,630.5,0.189,010,1,0.654
510,9,436.7,501.8,557.6,632.3,0.197,010,1,0.682
511,9,436.1,501.1,557.5,631.7,0.191,010,1,0.707
512,9,419.9,513.3,534.0,619.7,0.409,010,1,0.730
513,9,419.7,513.3,533.8,619.7,0.399,010,1,0.751
514,9,419.6,513.1,533.8,620.2,0.391,010,1,0.770
515,9,389.1,497.4,513.9,607.4,0.330,010,1,0.787
516,9,388.8,496.8,514.3,607.3,0.312,010,1,0.803
517,9,389.3,497.5,514.2,607.5,0.329,010,1,0.817
518,9,371.5,429.0,496.4,534.1,0.311,010,1,0.830
519,9,377.5,431.9,493.8,534.4,0.299,010,1,0.841
520,9,369.7,428.5,496.7,534.4,0.297,010,1,0.851
521,9,352.7,363.7,475.9,473.8,0.366,010,1,0.861
522,9,352.6,363.7,475.2,474.0,0.376,010,1,0.869
523,9,352.8,363.8,476.1,473.9,0.370,010,1,0.877
524,9,330.2,329.5,447.4,440.2,0.307,010,1,0.884
525,9,321.0,325.8,450.2,439.6,0.314,010,1,0.890
526,9,320.8,325.8,449.9,439.8,0.311,010,1,0.896
527,9,314.7,320.2,431.8,435.0,0.395,010,1,0.901
528,9,314.7,320.3,431.6,435.1,0.380,010,1,0.906
529,9,314.8,319.7,431.8,435.2,0.398,010,1,0.910
530,9,314.9,334.1,444.0,445.8,0.440,010,1,0.914
531,9,315.7,334.0,443.6,445.9,0.469,010,1,0.917
532,9,315.6,333.9,443.6,446.6,0.483,010,1,0.920
533,9,317.1,350.1,436.2,464.2,0.440,010,1,0.923
534,9,317.3,350.6,435.8,464.3,0.438,010,1,0.926
535,9,317.1,350.2,436.4,464.5,0.434,010,1,0.928
536,9,286.2,358.4,413.4,474.3,0.335,010,1,0.930
537,9,285.7,358.1,413.2,474.7,0.355,010,1,0.932
538,9,285.4,357.6,413.7,474.6,0.351,010,1,0.934
539,9,254.2,356.5,388.1,472.4,0.336,010,1,0.935
540,9,255.2,356.8,387.9,472.3,0.336,010,1,0.937
541,9,254.9,356.5,387.9,473.0,0.342,010,1,0.938
542,9,246.6,349.9,384.0,466.6,0.369,010,1,0.939
543,9,246.2,349.9,384.8,466.9,0.372,010,1,0.940
544,9,246.0,349.6,384.8,466.9,0.377,010,1,0.941
545,9,294.5,354.9,429.5,472.5,0.270,010,1,0.942
546,9,295.2,354.9,429.9,470.8,0.307,010,1,0.943
547,9,294.4,355.0,429.2,471.3,0.266,010,1,0.943
549,10,412.1,384.3,535.6,497.6,0.374,0100,1,0.588
550,10,412.2,384.0,535.6,497.4,0.377,0100,1,0.623
551,10,459.1,412.9,581.1,524.5,0.414,0100,1,0.654
552,10,459.7,413.6,580.7,524.8,0.431,0100,1,0.682
553,10,459.1,413.0,581.1,524.5,0.415,0100,1,0.707
554,10,396.9,429.3,526.2,546.4,0.338,0100,1,0.730
555,10,397.2,429.8,526.4,545.8,0.331,0100,1,0.751
556,10,397.7,430.2,525.8,545.9,0.320,0100,1,0.770
557,10,339.1,427.3,478.3,546.0,0.399,0100,1,0.787
558,10,339.7,427.1,478.5,545.9,0.386,0100,1,0.803
559,10,339.2,427.2,478.2,545.9,0.399,0100,1,0.817
560,10,341.8,402.5,478.8,523.2,0.317,0100,1,0.830
561,10,341.6,402.5,478.3,523.5,0.322,0100,1,0.841
562,10,341.5,402.4,478.2,523.6,0.310,0100,1,0.851
563,10,355.1,387.6,488.9,506.8,0.339,0100,1,0.861
564,10,354.8,387.4,488.6,506.6,0.340,0100,1,0.869
565,10,354.9,387.7,488.9,506.9,0.332,0100,1,0.877
566,10,364.3,401.6,494.9,520.1,0.283,0100,1,0.884
567,10,363.9,401.3,495.3,519.6,0.271,0100,1,0.890
568,10,365.4,401.8,499.9,519.3,0.268,0100,1,0.896
569,10,366.2,410.5,497.6,531.7,0.385,0100,1,0.901
570,10,365.9,410.4,498.0,531.9,0.384,0100,1,0.906
571,10,364.2,410.5,499.0,532.0,0.381,0100,1,0.910
572,10,346.7,408.5,484.3,531.6,0.351,0100,1,0.914
573,10,346.6,408.6,485.5,532.4,0.355,0100,1,0.917
574,10,346.4,408.6,485.7,532.4,0.356,0100,1,0.920
575,10,346.0,408.7,486.5,533.5,0.375,0100,1,0.923
576,10,347.0,408.8,486.4,533.3,0.386,0100,1,0.926
577,10,347.3,408.7,486.2,533.5,0.372,0100,1,0.928
578,10,382.3,415.7,519.8,538.0,0.376,0100,1,0.930
579,10,382.2,416.0,519.8,538.1,0.375,0100,1,0.932
580,10,382.1,415.9,519.9,538.3,0.374,0100,1,0.934
581,10,411.1,423.9,546.8,548.1,0.391,0100,1,0.935
582,10,410.8,423.8,547.0,547.9,0.394,0100,1,0.937
583,10,410.8,423.7,547.2,548.5,0.391,0100,1,0.938
584,10,406.7,425.4,547.5,552.2,0.351,0100,1,0.939
585,10,406.7,425.2,547.7,552.2,0.334,0100,1,0.940
586,10,407.0,425.4,547.3,552.3,0.329,0100,1,0.941
587,10,414.2,435.4,552.7,562.6,0.401,0100,1,0.942
588,10,414.0,435.6,553.1,562.6,0.400,0100,1,0.943
589,10,414.4,435.3,552.8,562.5,0.414,0100,1,0.943
590,10,443.4,455.3,583.5,581.1,0.400,0100,1,0.944
591,10,443.5,455.4,583.5,580.8,0.404,0100,1,0.945
592,10,443.6,455.3,583.8,580.8,0.402,0100,1,0.945
593,10,459.9,452.7,615.4,608.2,0.331,0100,1,0.946
594,10,460.1,452.6,615.3,608.2,0.325,0100,1,0.946
595,10,459.9,452.6,615.4,608.0,0.331,0100,1,0.946
596,10,473.7,446.5,611.4,576.9,0.269,0100,1,0.947
597,10,473.8,446.4,610.8,576.7,0.265,0100,1,0.947
598,10,473.7,446.4,611.0,576.8,0.264,0100,1,0.947
599,10,500.2,456.2,632.9,582.6,0.311,0100,1,0.948
600,10,500.1,455.8,632.4,582.7,0.318,0100,1,0.948
601,10,500.2,456.3,632.8,582.5,0.319,0100,1,0.948
602,10,542.5,476.6,701.3,635.9,0.432,0100,1,0.948
603,10,542.6,476.9,701.1,637.3,0.424,0100,1,0.948
604,10,542.9,476.9,701.5,636.3,0.432,0100,1,0.949
605,10,588.9,490.6,754.2,651.0,0.421,0100,1,0.949
606,10,588.8,490.8,754.3,651.5,0.414,0100,1,0.949
607,10,588.9,490.6,754.2,651.0,0.422,0100,1,0.949
608,10,626.7,456.1,790.3,614.0,0.526,0100,1,0.949
609,10,626.7,456.1,790.3,613.9,0.525,0100,1,0.949
610,10,626.7,456.1,790.2,613.2,0.526,0100,1,0.949
611,10,637.7,447.0,799.6,607.1,0.522,0100,1,0.998
612,10,637.7,447.2,799.8,607.2,0.540,0100,1,0.999
612,11,782.1,288.9,882.4,385.7,0.456,0101,1,0.999
613,10,637.7,447.0,799.4,606.9,0.520,0100,1,0.999
613,11,782.1,289.0,882.7,385.7,0.460,0101,1,0.999
614,10,623.8,488.7,789.4,652.2,0.473,0100,1,0.999
614,11,768.9,330.6,873.9,428.9,0.192,0101,1,0.999
615,10,624.0,488.5,789.1,652.2,0.475,0100,1,0.999
615,11,769.3,330.7,873.9,429.3,0.135,0101,1,0.999
616,10,623.7,488.6,789.2,652.5,0.478,0100,1,0.999
616,11,769.5,330.9,873.7,429.3,0.104,0101,1,0.999
617,10,580.9,507.5,754.1,678.9,0.406,0100,1,0.999
617,11,738.5,364.0,830.5,452.0,0.310,0101,1,0.999
618,10,580.9,507.5,754.1,678.8,0.404,0100,1,0.999
618,11,739.1,364.8,830.5,451.9,0.327,0101,1,0.999
619,10,581.0,507.6,754.1,679.2,0.406,0100,1,0.999
619,11,738.6,363.8,830.5,451.9,0.317,0101,1,0.999
620,10,524.0,483.8,697.1,654.3,0.457,0100,1,0.950
621,10,524.1,484.0,697.1,653.9,0.468,0100,1,0.950
622,10,524.1,484.1,697.2,654.0,0.474,0100,1,0.950
623,10,536.9,472.7,686.1,621.2,0.406,0100,1,0.950
624,10,535.4,467.8,699.4,637.4,0.406,0100,1,0.950
625,10,536.8,472.7,685.8,621.2,0.403,0100,1,0.950
626,10,608.3,483.4,788.1,661.5,0.500,0100,1,0.950
627,10,607.9,483.4,787.9,662.1,0.496,0100,1,0.950
628,10,608.5,483.1,788.1,662.1,0.505,0100,1,0.950
629,10,630.7,494.3,806.6,672.4,0.576,0100,1,0.950
630,10,630.9,495.4,806.0,672.0,0.564,0100,1,0.950
631,10,630.8,494.5,806.5,672.3,0.568,0100,1,0.950
632,10,520.5,477.6,700.2,659.7,0.520,0100,1,0.950
632,13,530.7,517.0,679.0,638.3,0.338,01000,2,0.588
633,10,520.9,477.6,700.3,659.9,0.518,0100,1,0.950
633,13,535.7,519.1,671.1,642.0,0.183,01000,2,0.623
634,10,520.9,477.7,700.3,660.1,0.519,0100,1,0.950
634,13,535.8,521.3,671.3,641.8,0.191,01000,2,0.654
635,10,498.0,467.6,677.4,656.4,0.523,0100,1,0.950
635,13,509.9,522.3,648.4,629.4,0.238,01000,2,0.682
636,10,497.6,467.6,677.3,656.7,0.511,0100,1,0.950
636,13,507.3,500.4,658.3,631.2,0.430,01000,2,0.707
637,10,498.0,467.5,677.4,656.1,0.524,0100,1,0.950
637,13,509.7,521.5,647.9,629.4,0.185,01000,2,0.730
638,10,632.4,478.1,823.1,669.4,0.511,0100,1,0.998
639,10,633.0,478.2,823.3,669.5,0.523,0100,1,0.999
639,14,818.5,283.2,940.9,406.4,0.313,0101,1,0.999
640,10,632.9,478.7,823.3,670.0,0.528,0100,1,0.999
640,14,818.3,282.9,940.9,406.5,0.289,0101,1,0.999
641,10,714.7,494.6,913.0,692.5,0.586,0100,1,0.998
641,15,725.4,556.6,882.3,669.5,0.350,01000,2,0.588
642,10,715.0,494.1,913.6,691.1,0.594,0100,1,0.999
642,16,912.2,289.2,1038.1,411.2,0.443,0101,1,0.999
642,15,725.5,559.2,883.7,669.3,0.375,01000,2,0.623
643,10,715.0,494.1,913.6,691.1,0.595,0100,1,0.999
643,16,912.4,289.2,1037.7,410.8,0.455,0101,1,0.999
643,15,725.7,559.3,883.8,669.3,0.373,01000,2,0.654
644,10,613.7,509.7,807.3,708.9,0.570,0100,1,0.950
645,10,614.0,509.6,807.4,709.2,0.575,0100,1,0.950
645,17,620.1,560.2,785.7,684.0,0.324,01000,2,0.588
646,10,613.7,509.6,807.0,708.7,0.563,0100,1,0.950
646,17,620.4,561.9,784.5,683.6,0.359,01000,2,0.623
647,10,567.3,521.5,759.4,721.9,0.531,0100,1,0.998
647,17,576.7,566.5,731.6,698.3,0.335,01000,2,0.654
648,10,567.4,521.5,759.1,721.8,0.531,0100,1,0.999
648,18,757.0,326.3,870.5,447.4,0.413,0101,1,0.999
648,17,577.0,567.6,731.6,698.4,0.336,01000,2,0.682
649,10,567.3,521.5,759.4,721.9,0.531,0100,1,0.999
649,18,756.8,326.0,870.6,447.5,0.418,0101,1,0.999
649,17,576.7,566.6,731.6,698.3,0.336,01000,2,0.707
650,14,859.3,305.2,983.7,445.8,0.559,0101,1,1.000
650,10,656.8,530.2,857.6,736.4,0.484,0100,1,1.000
651,14,859.3,305.5,983.8,445.7,0.560,0101,1,1.000
651,10,656.8,530.3,857.3,736.7,0.484,0100,1,1.000
651,19,669.4,591.0,822.8,708.3,0.317,01000,2,0.588
652,14,859.2,306.5,983.7,445.9,0.557,0101,1,1.000
652,10,656.8,530.0,857.7,736.6,0.489,0100,1,1.000
652,19,669.1,591.0,823.2,708.6,0.313,01000,2,0.623
653,10,716.1,508.5,931.9,715.5,0.572,0100,1,0.950
653,19,726.5,568.4,898.2,695.0,0.300,01000,2,0.654
654,10,716.3,508.1,932.4,715.7,0.564,0100,1,0.950
654,19,726.8,568.2,898.3,694.7,0.306,01000,2,0.682
655,10,716.1,508.4,932.0,715.5,0.572,0100,1,0.950
655,19,726.6,568.4,898.2,694.9,0.300,01000,2,0.707
656,10,665.1,451.4,869.3,661.2,0.520,0100,1,1.000
656,16,886.0,205.9,1024.9,363.7,0.414,0101,1,1.000
657,10,664.7,451.5,869.0,661.6,0.511,0100,1,1.000
657,16,886.2,205.6,1025.0,363.8,0.406,0101,1,1.000
658,10,664.5,451.5,869.0,662.2,0.506,0100,1,1.000
658,16,886.9,205.8,1025.1,363.7,0.428,0101,1,1.000
659,10,626.1,423.8,831.6,634.8,0.496,0100,1,1.000
659,16,848.1,176.9,982.7,332.9,0.415,0101,1,1.000
660,10,626.3,423.7,832.4,635.4,0.493,0100,1,1.000
660,16,848.0,176.2,982.8,332.6,0.419,0101,1,1.000
661,10,626.3,424.0,831.8,634.8,0.487,0100,1,1.000
661,16,848.2,177.3,982.6,332.7,0.436,0101,1,1.000
662,10,648.1,445.2,853.8,657.8,0.282,0100,1,1.000
662,16,876.8,187.5,1023.6,349.0,0.146,0101,1,1.000
663,10,648.0,444.6,854.3,657.9,0.286,0100,1,1.000
663,16,875.8,191.1,1014.4,349.3,0.137,0101,1,1.000
664,10,648.0,444.1,854.7,658.4,0.292,0100,1,1.000
664,16,875.8,190.5,1013.9,349.3,0.167,0101,1,1.000
665,10,640.8,454.3,857.0,682.3,0.349,0100,1,1.000
665,16,873.1,176.4,1023.5,361.8,0.239,0101,1,1.000
666,10,640.9,454.6,856.7,682.2,0.330,0100,1,1.000
666,16,873.9,175.6,1024.0,361.8,0.288,0101,1,1.000
667,10,640.9,453.6,858.1,682.3,0.364,0100,1,1.000
667,16,873.2,177.3,1023.5,361.5,0.294,0101,1,1.000
668,16,808.1,168.6,939.0,343.8,0.669,0101,1,1.000
668,10,570.9,435.2,779.6,662.0,0.314,0100,1,1.000
669,16,807.6,168.3,939.5,344.1,0.662,0101,1,1.000
669,10,577.8,498.5,741.8,624.7,0.349,0100,1,1.000
670,16,807.4,167.5,939.7,344.4,0.654,0101,1,1.000
670,10,578.1,498.4,742.0,624.8,0.342,0100,1,1.000
671,10,450.3,451.4,658.8,657.1,0.254,0100,1,0.998
672,21,683.7,176.8,808.4,346.0,0.580,0101,1,0.997
672,10,462.8,504.9,619.9,624.8,0.337,0100,1,0.997
673,21,683.5,175.8,808.2,346.0,0.581,0101,1,0.998
673,10,462.6,505.0,619.8,624.6,0.316,0100,1,0.998
675,23,498.9,232.4,619.6,400.7,0.590,0101,1,0.979
675,24,245.6,472.5,481.7,716.1,0.399,0100,1,0.979
676,23,424.2,255.7,546.9,429.6,0.610,0101,1,0.987
676,24,89.7,478.2,447.6,791.7,0.114,0100,1,0.987
677,23,424.4,256.6,546.8,429.6,0.615,0101,1,0.990
677,25,152.2,579.2,311.7,720.4,0.451,01000,2,0.588
677,24,89.5,478.4,447.3,790.5,0.120,0100,1,0.990
678,23,424.3,256.1,547.0,430.1,0.612,0101,1,0.993
678,25,152.6,579.6,310.8,720.0,0.471,01000,2,0.623
678,24,89.2,478.8,446.8,791.2,0.128,0100,1,0.993
679,24,240.5,528.0,470.4,748.5,0.287,0100,1,0.983
679,25,245.8,575.2,397.5,705.4,0.145,01000,2,0.654
680,26,505.8,239.5,631.9,417.2,0.607,0101,1,0.987
680,24,240.5,528.4,470.3,748.3,0.285,0100,1,0.987
680,25,245.6,575.7,397.7,705.7,0.147,01000,2,0.682
681,26,506.0,239.8,631.9,417.0,0.608,0101,1,0.990
681,24,240.4,526.7,470.5,748.4,0.291,0100,1,0.990
681,25,245.8,575.0,397.9,705.6,0.146,01000,2,0.707
682,26,566.7,240.1,691.7,415.7,0.620,0101,1,0.992
682,24,303.9,541.6,526.6,756.5,0.260,0100,1,0.992
682,25,315.3,571.8,481.9,710.5,0.134,01000,2,0.730
683,26,566.5,239.8,691.8,415.8,0.619,0101,1,0.994
683,24,303.8,541.8,526.5,756.5,0.256,0100,1,0.994
683,25,315.2,571.5,482.1,710.4,0.145,01000,2,0.751
684,26,566.7,239.9,691.7,415.7,0.620,0101,1,0.995
684,24,303.7,542.0,526.4,756.4,0.250,0100,1,0.995
684,25,315.0,571.6,482.9,710.4,0.147,01000,2,0.770
685,26,579.6,253.0,708.9,433.3,0.587,0101,1,0.996
685,24,313.8,583.7,537.0,788.1,0.303,0100,1,0.996
685,25,323.6,591.4,493.8,735.4,0.267,01000,2,0.787
686,26,579.4,253.0,708.6,433.4,0.586,0101,1,0.997
686,24,313.7,583.7,537.0,788.1,0.299,0100,1,0.997
686,25,323.4,591.9,493.4,735.5,0.267,01000,2,0.803
687,26,579.5,252.8,708.9,433.3,0.586,0101,1,0.997
687,24,313.7,583.7,536.9,788.1,0.302,0100,1,0.997
687,25,323.6,591.4,493.8,735.4,0.268,01000,2,0.817
688,26,617.7,233.0,752.7,424.7,0.628,0101,1,0.997
688,25,357.0,583.8,519.1,728.6,0.417,01000,2,0.830
688,24,350.1,578.8,572.5,787.5,0.220,0100,1,0.997
689,26,617.1,235.7,748.7,421.9,0.631,0101,1,0.998
689,25,358.0,584.6,518.4,728.4,0.428,01000,2,0.841
689,24,350.7,579.9,572.7,787.5,0.221,0100,1,0.998
690,26,617.2,235.7,748.6,421.6,0.629,0101,1,0.998
690,25,358.0,583.9,518.9,728.5,0.414,01000,2,0.851
690,24,350.6,581.0,572.1,787.1,0.229,0100,1,0.998
691,21,685.0,180.3,827.9,384.7,0.569,0101,1,0.999
691,25,413.4,557.6,571.6,697.5,0.382,01000,2,0.861
691,24,404.9,532.8,637.0,753.0,0.140,0100,1,0.999
692,21,685.1,180.5,828.0,384.8,0.571,0101,1,0.999
692,25,413.3,557.7,571.6,697.5,0.382,01000,2,0.869
692,24,404.8,531.7,636.9,753.1,0.141,0100,1,0.999
693,21,685.0,180.4,827.9,384.7,0.570,0101,1,0.999
693,25,413.4,557.5,571.6,697.5,0.381,01000,2,0.877
693,24,404.9,532.8,637.0,753.0,0.140,0100,1,0.999
694,21,707.1,160.8,856.4,372.0,0.515,0101,1,0.999
694,25,439.1,555.9,597.5,694.1,0.404,01000,2,0.884
694,24,424.6,520.8,658.2,754.6,0.189,0100,1,0.999
695,21,707.1,160.9,856.1,372.0,0.513,0101,1,0.999
695,25,439.1,556.0,597.6,694.2,0.409,01000,2,0.890
695,24,424.7,520.6,658.5,754.5,0.193,0100,1,0.999
696,21,707.3,161.1,856.1,371.9,0.512,0101,1,0.999
696,25,438.8,556.0,597.6,694.3,0.407,01000,2,0.896
696,24,424.7,520.9,657.9,754.4,0.194,0100,1,0.999
697,26,694.6,187.9,836.8,391.8,0.518,0101,1,0.999
697,25,404.6,577.3,571.2,725.4,0.504,01000,2,0.901
697,24,384.0,515.7,644.0,794.1,0.265,0100,1,0.999
698,26,694.7,188.2,836.6,391.7,0.530,0101,1,0.999
698,25,405.0,577.7,571.0,725.2,0.504,01000,2,0.906
698,24,384.2,516.0,644.3,793.9,0.272,0100,1,0.999
699,26,695.5,188.4,836.7,391.4,0.530,0101,1,1.000
699,25,404.4,577.1,571.2,725.3,0.504,01000,2,0.910
699,24,384.0,516.3,643.9,794.1,0.265,0100,1,1.000
700,25,383.1,595.6,555.2,745.2,0.501,01000,2,0.914
700,26,681.3,192.5,832.3,405.5,0.456,0101,1,1.000
700,24,359.4,566.1,636.6,823.0,0.311,0100,1,1.000
701,25,382.7,595.8,555.3,745.3,0.500,01000,2,0.917
701,26,681.0,192.7,831.7,405.6,0.456,0101,1,1.000
701,24,359.3,566.3,636.8,823.0,0.310,0100,1,1.000
702,25,382.4,595.7,555.0,745.3,0.499,01000,2,0.920
702,26,681.1,192.6,831.5,405.8,0.450,0101,1,1.000
702,24,359.0,565.4,636.9,823.0,0.318,0100,1,1.000
703,25,384.0,594.4,554.7,745.0,0.493,01000,2,0.923
703,26,689.8,194.2,846.2,394.9,0.437,0101,1,1.000
703,24,354.7,559.0,640.7,830.6,0.422,0100,1,1.000
704,25,384.0,594.5,554.7,745.0,0.494,01000,2,0.926
704,26,689.8,194.3,846.0,394.8,0.437,0101,1,1.000
704,24,354.7,558.7,640.3,830.5,0.426,0100,1,1.000
705,25,384.2,594.3,554.8,744.9,0.492,01000,2,0.928
705,26,689.8,194.2,846.0,394.8,0.441,0101,1,1.000
705,24,354.5,557.9,640.6,830.7,0.430,0100,1,1.000
706,25,385.1,594.2,554.7,745.0,0.495,01000,2,0.930
706,26,689.7,194.0,846.1,395.0,0.442,0101,1,1.000
706,24,354.4,557.5,640.6,831.3,0.427,0100,1,1.000
707,25,403.3,590.1,568.0,744.6,0.547,01000,2,0.932
707,24,364.3,545.3,654.3,836.9,0.446,0100,1,1.000
707,26,706.5,172.3,873.3,386.8,0.395,0101,1,1.000
708,25,403.4,590.1,568.0,744.7,0.546,01000,2,0.934
708,24,364.3,543.7,654.1,836.9,0.440,0100,1,1.000
708,26,706.8,172.5,873.3,386.9,0.391,0101,1,1.000
709,25,403.3,590.1,568.0,744.8,0.545,01000,2,0.935
709,24,364.4,544.1,654.4,836.9,0.442,0100,1,1.000
709,26,706.5,172.2,873.3,386.8,0.396,0101,1,1.000
710,25,406.4,591.2,582.2,751.4,0.501,01000,2,0.937
710,24,374.8,565.2,665.0,845.1,0.470,0100,1,1.000
710,26,728.3,166.1,896.4,377.8,0.342,0101,1,1.000
711,25,406.3,591.1,582.2,751.4,0.501,01000,2,0.938
711,24,366.4,558.7,667.8,849.9,0.470,0100,1,1.000
711,26,728.5,166.1,896.5,377.8,0.346,0101,1,1.000
712,25,406.3,591.1,582.2,751.6,0.501,01000,2,0.939
712,24,374.7,563.9,665.2,844.9,0.468,0100,1,1.000
712,26,728.4,165.8,896.3,377.8,0.344,0101,1,1.000
713,25,407.2,596.4,590.1,758.0,0.570,01000,2,0.940
713,24,357.6,528.5,667.1,865.9,0.520,0100,1,1.000
713,21,773.0,167.1,879.7,314.5,0.303,,2,0.000
713,26,726.6,160.4,897.2,371.5,0.258,0101,1,1.000
714,25,407.2,596.5,589.8,758.2,0.565,01000,2,0.941
714,24,357.5,528.2,667.1,865.9,0.528,0100,1,1.000
714,21,772.6,167.7,880.1,314.7,0.299,,2,0.000
714,26,727.2,161.1,897.9,371.7,0.259,0101,1,1.000
715,25,407.2,596.4,589.7,758.2,0.564,01000,2,0.942
715,24,357.6,528.4,666.9,865.9,0.540,0100,1,1.000
715,21,772.2,167.6,880.0,314.9,0.294,,2,0.000
715,26,727.0,160.8,897.5,371.5,0.259,0101,1,1.000
716,24,315.5,526.1,633.3,882.8,0.553,0100,1,1.000
716,25,371.8,596.4,558.7,765.2,0.502,01000,2,0.943
716,26,701.2,155.6,874.8,370.9,0.356,0101,1,1.000
716,21,745.8,159.5,856.6,313.0,0.287,,2,0.000
717,24,315.3,525.8,632.6,882.8,0.557,0100,1,1.000
717,25,371.7,596.3,558.9,765.2,0.501,01000,2,0.943
717,26,701.5,156.0,874.8,370.7,0.340,0101,1,1.000
717,21,746.4,160.0,856.6,312.7,0.303,,2,0.000
718,24,315.4,525.8,632.4,882.8,0.558,0100,1,1.000
718,25,371.6,596.2,559.0,765.1,0.502,01000,2,0.944
718,26,701.8,155.9,875.0,370.7,0.333,0101,1,1.000
718,21,747.0,160.3,856.8,312.5,0.310,,2,0.000
719,24,272.9,527.1,601.1,907.2,0.481,0100,1,1.000
719,25,337.4,598.5,535.4,768.0,0.469,01000,2,0.945
719,26,691.3,157.7,852.3,366.8,0.367,0101,1,1.000
719,21,734.8,163.0,843.9,302.4,0.225,,2,0.000
720,24,273.1,527.0,600.7,907.1,0.477,0100,1,1.000
720,25,337.8,598.7,535.2,768.1,0.472,01000,2,0.945
720,26,691.8,157.8,852.3,366.8,0.353,0101,1,1.000
720,21,737.3,163.1,843.7,302.3,0.240,,2,0.000
721,24,273.0,526.9,601.3,907.1,0.480,0100,1,1.000
721,25,337.6,598.6,535.0,768.1,0.464,01000,2,0.946
721,26,691.7,157.9,852.7,366.8,0.359,0101,1,1.000
721,21,736.7,163.4,844.0,302.4,0.224,,2,0.000
722,24,254.2,550.1,593.0,917.9,0.572,0100,1,1.000
722,25,322.7,602.6,519.8,767.6,0.532,01000,2,0.946
722,26,685.9,146.7,850.6,358.5,0.440,0101,1,1.000
722,21,735.0,156.1,840.8,296.9,0.142,,2,0.000
723,24,254.5,550.2,593.0,917.9,0.576,0100,1,1.000
723,25,322.2,602.4,520.0,768.1,0.533,01000,2,0.946
723,26,685.8,146.7,850.7,358.6,0.446,0101,1,1.000
723,21,736.0,156.1,840.9,296.6,0.142,,2,0.000
724,24,254.7,550.4,592.9,917.9,0.577,0100,1,1.000
724,25,322.3,602.5,520.2,768.0,0.528,01000,2,0.947
724,26,686.2,146.7,850.7,358.5,0.446,0101,1,1.000
724,21,736.2,156.1,840.9,296.5,0.140,,2,0.000
725,25,322.0,616.9,519.8,792.5,0.452,01000,1,0.961
725,26,697.6,142.3,870.1,360.0,0.356,01001,1,0.961
725,21,745.4,150.3,857.3,299.2,0.341,,2,0.000
726,25,322.3,616.9,519.7,792.0,0.454,01000,1,0.961
726,26,697.8,142.8,870.3,359.8,0.354,01001,1,0.961
726,21,745.7,150.7,857.6,299.1,0.353,,2,0.000
727,25,322.1,616.9,519.8,792.6,0.448,01000,1,0.961
727,26,697.8,142.2,870.4,359.9,0.355,01001,1,0.961
727,21,745.7,150.5,857.6,299.1,0.350,,2,0.000
728,25,335.9,624.4,548.4,820.0,0.402,01000,1,0.966
728,21,776.7,152.1,893.9,303.3,0.373,,2,0.000
728,26,725.6,137.8,900.3,364.2,0.235,01001,1,0.966
729,25,336.0,624.3,548.7,820.2,0.403,01000,1,0.967
729,21,776.7,152.3,893.7,303.2,0.380,,2,0.000
729,26,725.4,137.6,900.1,364.1,0.237,01001,1,0.967
730,25,336.0,624.3,549.1,820.5,0.396,01000,1,0.967
730,21,776.7,152.2,893.6,303.0,0.388,,2,0.000
730,26,725.0,136.4,900.4,364.0,0.237,01001,1,0.967
731,26,750.0,123.2,934.0,340.7,0.308,,2,0.000
731,25,361.9,614.5,557.4,803.1,0.296,01000,1,0.613
731,21,806.3,139.1,932.8,270.3,0.236,,3,0.000
732,26,742.7,119.1,940.8,336.8,0.313,01001,1,0.952
732,25,361.6,614.5,558.0,803.1,0.300,01000,1,0.952
732,21,806.1,138.6,932.8,270.2,0.234,,2,0.000
733,26,749.7,122.7,934.1,340.8,0.305,01001,1,0.953
733,25,361.9,614.5,558.1,803.1,0.293,01000,1,0.953
733,21,806.6,138.9,932.7,270.2,0.239,,2,0.000
734,25,368.9,567.0,583.2,765.9,0.388,01000,1,0.722
734,26,764.6,110.5,952.0,276.0,0.103,,2,0.000
735,25,368.8,566.9,583.4,765.8,0.389,01000,1,0.962
735,26,764.7,110.1,952.1,276.0,0.101,01001,1,0.962
736,25,368.8,566.9,583.3,765.8,0.386,01000,1,0.723
737,25,338.0,534.2,586.7,750.9,0.425,01000,1,0.839
737,29,657.9,36.2,1040.0,360.3,0.415,01001,1,0.839
738,25,337.8,534.2,586.6,751.2,0.421,01000,1,0.857
738,29,660.7,36.3,1040.0,361.4,0.398,01001,1,0.857
739,25,338.0,534.2,586.7,751.1,0.424,01000,1,0.873
739,29,659.5,35.3,1039.2,360.6,0.415,01001,1,0.873
740,29,622.2,33.5,1030.7,356.0,0.497,01001,1,0.905
740,25,288.3,515.7,561.8,783.7,0.367,01000,1,0.905
741,29,621.7,33.3,1031.0,356.1,0.499,01001,1,0.916
741,25,288.2,514.9,561.7,781.3,0.359,01000,1,0.916
742,29,622.0,33.3,1031.2,356.4,0.496,01001,1,0.925
742,25,287.8,512.4,562.4,782.4,0.376,01000,1,0.925
743,29,643.7,9.8,1088.3,323.1,0.446,01001,1,0.919
743,25,303.5,523.5,573.0,752.9,0.446,01000,1,0.919
744,29,643.8,9.5,1089.6,323.0,0.449,01001,1,0.927
744,25,303.2,523.5,573.1,753.1,0.446,01000,1,0.927
745,29,644.0,9.8,1087.7,322.9,0.449,01001,1,0.933
745,25,303.4,523.6,573.3,752.9,0.446,01000,1,0.933
746,25,364.1,431.9,652.5,733.6,0.334,01000,1,0.950
747,25,364.1,431.7,652.5,733.4,0.335,01000,1,0.950
748,25,364.4,432.2,652.4,733.6,0.336,01000,1,0.950
749,25,416.1,381.9,709.5,670.1,0.306,01000,1,0.950
750,25,416.1,381.9,709.3,668.5,0.293,01000,1,0.950
751,25,416.3,382.3,709.4,669.9,0.307,01000,1,0.950
752,25,444.0,355.2,725.8,600.1,0.360,01000,1,0.950
753,25,443.8,354.8,726.2,600.7,0.364,01000,1,0.950
754,25,443.6,354.6,726.3,600.8,0.360,01000,1,0.950
755,25,423.2,304.2,736.7,604.6,0.327,01000,1,0.950
756,25,422.6,304.0,736.7,604.9,0.322,01000,1,0.950
757,25,422.7,304.1,736.8,604.7,0.322,01000,1,0.950
758,25,399.3,327.1,732.1,639.6,0.377,01000,1,0.950
759,25,399.3,326.9,732.2,640.3,0.383,01000,1,0.950
760,25,399.3,326.9,732.1,640.5,0.382,01000,1,0.950
761,25,389.2,326.8,715.0,645.9,0.371,01000,1,0.950
762,25,389.2,327.3,714.6,642.6,0.344,01000,1,0.950
763,25,389.2,327.0,715.2,645.7,0.365,01000,1,0.950
764,25,391.2,302.3,714.0,619.5,0.126,01000,1,0.950
765,30,444.5,428.9,551.8,522.6,0.483,,2,0.000
765,25,391.1,302.3,713.6,618.2,0.123,01000,1,0.950
766,30,444.5,428.6,551.6,522.8,0.500,,2,0.000
766,25,390.9,302.4,713.4,616.9,0.118,01000,1,0.950
767,30,425.7,453.5,543.6,541.3,0.285,,2,0.000
767,25,372.7,326.1,700.8,648.2,0.162,01000,1,0.950
768,30,425.8,453.4,543.7,540.6,0.263,,2,0.000
768,25,372.6,326.0,700.5,648.3,0.163,01000,1,0.950
769,30,425.7,453.3,543.7,540.4,0.276,,2,0.000
769,25,372.8,326.2,700.7,647.9,0.162,01000,1,0.950
770,25,350.9,382.6,692.5,699.7,0.155,01000,1,0.950
770,30,390.9,495.5,526.4,636.4,0.123,,2,0.000
771,25,350.8,382.5,692.5,700.8,0.160,01000,1,0.950
771,30,390.7,495.5,526.6,636.3,0.122,,2,0.000
772,25,350.8,382.4,692.8,702.1,0.163,01000,1,0.950
772,30,392.0,496.0,526.1,630.3,0.127,,2,0.000
773,30,402.3,523.8,518.0,620.9,0.269,,2,0.000
773,25,323.1,416.3,701.2,734.9,0.129,01000,1,0.950
774,30,402.3,524.3,518.1,620.8,0.279,,2,0.000
774,25,323.7,416.2,701.4,734.8,0.139,01000,1,0.950
775,25,348.5,386.7,753.2,724.3,0.181,01000,1,0.950
775,30,414.5,497.2,539.1,593.1,0.153,,2,0.000
776,25,348.3,386.8,752.9,724.3,0.176,01000,1,0.950
776,30,414.4,496.9,539.6,593.2,0.156,,2,0.000
777,25,348.3,386.7,753.1,724.3,0.181,01000,1,0.950
777,30,417.1,500.3,539.3,591.6,0.155,,2,0.000
778,25,375.1,381.3,771.9,715.2,0.342,01000,1,0.950
778,30,443.0,489.2,570.5,584.8,0.331,,2,0.000
779,25,375.2,381.5,771.8,714.9,0.343,01000,1,0.950
779,30,443.0,489.3,570.5,584.9,0.331,,2,0.000
780,25,375.3,381.6,771.5,714.9,0.340,01000,1,0.950
780,30,443.3,489.2,570.4,584.8,0.338,,2,0.000
781,25,375.2,381.4,771.4,714.9,0.339,01000,1,0.950
781,30,443.3,489.1,570.5,584.8,0.338,,2,0.000
782,30,471.9,506.0,598.1,605.2,0.363,,2,0.000
782,25,402.0,397.8,796.0,730.7,0.264,01000,1,0.950
783,30,471.9,506.3,598.1,605.3,0.356,,2,0.000
783,25,402.3,397.8,796.4,730.9,0.269,01000,1,0.950
784,30,472.2,505.7,598.3,605.1,0.353,,2,0.000
784,25,402.2,397.8,796.5,731.0,0.270,01000,1,0.950
785,30,488.6,508.6,622.9,607.7,0.487,,2,0.000
785,25,451.9,397.7,775.8,697.2,0.115,01000,1,0.950
786,30,489.1,508.7,622.6,607.9,0.489,,2,0.000
786,25,452.1,397.4,775.6,697.2,0.110,01000,1,0.950
787,30,488.6,508.6,622.9,607.7,0.487,,2,0.000
787,25,451.9,397.7,775.8,697.1,0.115,01000,1,0.950
788,30,498.8,489.4,626.5,590.8,0.387,,2,0.000
788,25,426.2,371.1,857.8,725.1,0.343,01000,1,0.950
789,30,498.9,489.5,626.4,590.8,0.379,,2,0.000
789,25,426.3,371.6,858.9,725.3,0.342,01000,1,0.950
790,30,499.9,491.5,627.8,589.0,0.389,,2,0.000
790,25,426.3,371.9,859.1,725.7,0.339,01000,1,0.950
791,30,500.5,489.3,636.9,590.2,0.475,,2,0.000
791,25,437.4,365.0,828.8,726.6,0.323,01000,1,0.939
792,30,500.9,489.0,636.8,590.2,0.492,,2,0.000
792,31,450.3,151.5,536.6,212.5,0.452,01001,1,0.948
792,25,437.4,365.1,828.8,726.0,0.329,01000,1,0.948
793,30,500.4,489.1,637.0,590.2,0.475,,2,0.000
793,31,450.4,151.6,537.0,212.4,0.454,01001,1,0.955
793,25,437.4,365.0,829.2,726.9,0.324,01000,1,0.955
794,31,453.5,157.3,544.9,224.9,0.546,01001,1,0.969
794,25,424.0,387.7,921.7,784.7,0.481,01000,1,0.969
794,30,514.8,507.3,649.9,612.0,0.365,,2,0.000
795,31,453.8,157.3,544.6,224.6,0.551,01001,1,0.973
795,25,424.0,387.6,921.4,784.4,0.479,01000,1,0.973
795,30,515.1,507.4,649.9,612.3,0.380,,2,0.000
796,31,453.6,157.1,544.3,224.6,0.554,01001,1,0.975
796,25,424.0,387.5,919.8,785.3,0.484,01000,1,0.975
796,30,515.0,507.4,649.9,612.9,0.384,,2,0.000
797,31,467.4,147.8,551.9,222.4,0.645,01001,1,0.972
797,25,433.0,393.6,915.8,784.0,0.444,01000,1,0.972
797,30,517.7,517.1,660.4,623.3,0.373,,2,0.000
798,31,467.6,147.9,552.1,222.3,0.645,01001,1,0.975
798,25,432.7,393.2,918.1,784.6,0.452,01000,1,0.975
798,30,517.6,517.0,660.4,623.2,0.377,,2,0.000
799,31,468.0,147.9,551.9,222.5,0.647,01001,1,0.977
799,25,433.0,393.7,915.4,784.3,0.448,01000,1,0.977
799,30,517.7,517.1,660.5,623.3,0.373,,2,0.000
800,31,471.1,114.4,561.9,196.5,0.540,01001,1,0.980
800,25,433.2,378.2,942.5,783.9,0.469,01000,1,0.980
800,30,533.9,505.4,671.0,611.4,0.361,,2,0.000
801,31,471.3,114.3,561.9,196.3,0.542,01001,1,0.982
801,25,433.4,378.4,939.9,783.4,0.472,01000,1,0.982
801,30,533.9,505.9,670.8,611.6,0.373,,2,0.000
802,31,471.5,114.3,562.0,196.4,0.545,01001,1,0.983
802,25,433.5,378.5,938.4,782.0,0.470,01000,1,0.983
802,30,533.6,506.0,670.9,611.6,0.375,,2,0.000
803,25,474.4,340.3,925.3,732.5,0.533,01000,1,0.928
803,30,552.6,473.4,694.7,584.0,0.248,,2,0.000
804,25,474.6,340.3,922.2,732.5,0.532,01000,1,0.982
804,31,488.4,48.3,583.7,146.2,0.401,01001,1,0.982
804,30,552.6,473.4,694.6,584.1,0.252,,2,0.000
805,25,474.4,340.2,925.2,732.5,0.534,01000,1,0.984
805,31,488.9,48.3,583.8,146.2,0.394,01001,1,0.984
805,30,552.6,473.5,694.7,584.4,0.234,,2,0.000
806,25,491.7,286.6,952.8,704.9,0.552,01000,1,0.950
806,30,574.7,432.6,715.3,535.1,0.257,,2,0.000
807,25,491.8,286.5,953.2,704.8,0.553,01000,1,0.950
807,30,574.6,432.4,715.2,535.1,0.251,,2,0.000
808,25,491.7,286.3,953.4,705.1,0.553,01000,1,0.950
808,30,574.7,432.5,715.2,535.2,0.264,,2,0.000
809,25,469.3,270.6,953.8,694.3,0.559,01000,1,0.950
809,30,548.1,419.3,698.9,532.5,0.161,,2,0.000
810,25,469.5,270.9,954.2,694.6,0.559,01000,1,0.950
810,30,547.9,419.1,698.9,532.6,0.163,,2,0.000
811,25,469.3,270.7,956.2,694.6,0.560,01000,1,0.950
811,30,548.0,419.2,698.7,532.5,0.164,,2,0.000
812,25,380.5,295.9,858.4,739.9,0.590,01000,1,0.950
813,25,380.6,296.0,858.5,739.7,0.587,01000,1,0.950
814,25,381.2,296.2,858.3,739.9,0.584,01000,1,0.950
815,25,354.7,319.2,859.4,782.2,0.677,01000,1,0.950
816,25,354.9,319.3,858.7,782.2,0.677,01000,1,0.950
817,25,354.7,319.0,859.2,782.3,0.677,01000,1,0.950
818,25,362.8,317.5,882.9,809.7,0.693,01000,1,0.950
819,25,362.5,318.0,882.9,810.0,0.695,01000,1,0.950
819,33,463.1,492.3,610.6,606.7,0.325,,2,0.000
820,25,362.5,318.1,882.4,810.3,0.695,01000,1,0.950
820,33,463.0,492.4,610.6,606.7,0.319,,2,0.000
821,25,371.2,315.6,909.2,840.1,0.625,01000,1,0.950
821,33,479.8,499.3,627.4,614.3,0.218,,2,0.000
822,25,371.5,316.2,908.5,840.2,0.629,01000,1,0.950
822,33,480.0,499.6,627.5,614.1,0.195,,2,0.000
823,25,371.1,316.4,907.6,839.9,0.629,01000,1,0.950
823,33,479.9,499.3,627.4,614.0,0.201,,2,0.000
824,25,372.7,319.6,914.3,870.0,0.496,01000,1,0.950
824,33,482.1,517.1,622.8,627.2,0.303,,2,0.000
825,25,372.7,319.4,914.2,870.0,0.492,01000,1,0.950
825,33,482.2,517.2,621.8,626.9,0.314,,2,0.000
826,25,372.5,319.2,913.7,869.9,0.497,01000,1,0.950
826,33,481.9,516.6,622.3,627.2,0.316,,2,0.000
827,25,372.1,335.6,881.2,874.7,0.260,01000,1,0.950
827,33,471.1,545.4,625.5,667.6,0.224,,2,0.000
828,25,372.1,335.7,881.4,876.3,0.261,01000,1,0.950
828,33,471.3,545.4,625.7,667.7,0.231,,2,0.000
829,25,372.2,335.4,882.4,877.5,0.262,01000,1,0.950
829,33,471.3,545.4,625.7,667.7,0.232,,2,0.000
830,33,470.5,591.2,606.0,712.6,0.396,,2,0.000
830,25,363.7,365.1,902.5,867.0,0.172,01000,1,0.950
831,33,470.6,591.4,605.4,712.9,0.396,,2,0.000
831,25,363.5,365.3,902.6,866.1,0.172,01000,1,0.950
832,33,470.5,591.3,605.3,712.9,0.397,,2,0.000
832,25,363.4,365.5,902.1,866.8,0.169,01000,1,0.950
833,33,459.0,619.1,608.3,752.3,0.277,,2,0.000
833,25,356.6,397.1,911.2,856.1,0.143,01000,1,0.950
834,33,458.9,619.0,608.3,752.1,0.281,,2,0.000
834,25,356.6,396.6,910.2,856.6,0.145,01000,1,0.950
835,33,458.8,619.0,609.1,752.5,0.292,,2,0.000
835,25,356.8,397.0,911.1,856.3,0.145,01000,1,0.950
836,33,455.3,619.7,628.3,771.6,0.225,01000,1,0.884
837,33,455.5,619.7,628.4,771.8,0.217,01000,1,0.890
838,33,455.5,619.6,628.1,772.3,0.221,01000,1,0.896
839,33,497.0,631.9,629.0,764.9,0.292,01000,1,0.901
840,33,496.8,631.8,629.0,765.2,0.293,01000,1,0.906
841,33,496.5,631.7,629.2,765.2,0.293,01000,1,0.910
842,33,548.6,621.5,726.9,791.6,0.411,01000,1,0.914
843,33,548.7,621.5,726.8,791.6,0.414,01000,1,0.917
844,33,548.6,621.4,726.8,791.7,0.414,01000,1,0.920
845,33,575.5,641.3,760.9,823.9,0.345,01000,1,0.923
846,33,575.6,641.9,760.9,823.8,0.364,01000,1,0.926
847,33,575.5,641.4,760.9,824.6,0.341,01000,1,0.928
848,33,572.1,688.1,747.0,872.2,0.356,01000,1,0.930
849,33,571.7,687.7,746.8,873.0,0.341,01000,1,0.932
850,33,570.7,687.4,746.0,875.0,0.321,01000,1,0.934
851,33,556.9,775.9,695.7,947.9,0.295,01000,1,0.935
852,33,556.9,775.7,695.9,948.2,0.301,01000,1,0.937
853,33,556.8,775.7,695.9,948.3,0.297,01000,1,0.938
854,33,577.1,900.4,738.2,981.1,0.357,0101,1,0.681
855,34,328.6,35.9,556.2,219.3,0.604,0100,1,0.999
855,33,576.4,900.3,738.5,981.2,0.357,0101,1,0.999
856,34,329.4,35.9,556.4,219.2,0.597,0100,1,0.999
856,33,576.9,900.2,739.7,981.1,0.359,0101,1,0.999
857,34,331.2,32.5,587.8,228.2,0.471,0100,1,0.654
858,34,331.8,32.4,588.3,228.0,0.467,0100,1,0.682
859,34,332.7,32.6,588.4,228.0,0.466,0100,1,0.707
860,34,351.6,34.4,580.5,161.7,0.220,0100,1,0.730
861,34,354.1,34.6,580.8,161.8,0.226,0100,1,0.751
862,34,356.1,34.8,580.2,161.9,0.232,0100,1,0.770
