frame,location,roll_deg,loop_closed,ms,loc_prob,assoc_location,ratio_err_assoc,ratio_err_fused,evidence_location
1,0,0.0,0,2.0,1.000,0,,,0
2,0,0.0,0,1.8,0.999,0,,,0
3,0,0.0,0,1.7,1.000,0,,,0
4,0,0.0,0,2.2,0.999,0,,,0
5,0,0.0,0,2.0,1.000,0,,,0
6,0,0.0,0,2.1,1.000,0,,,0
7,0,0.0,0,1.4,1.000,0,,,0
8,0,0.0,0,1.6,1.000,0,,,0
9,0,0.0,0,1.5,1.000,0,,,0
10,0,0.0,0,1.5,0.999,0,,,0
11,0,0.0,0,2.1,1.000,0,,,0
12,0,0.0,0,1.4,1.000,0,,,0
13,0,0.0,0,1.4,1.000,0,,,0
14,0,0.0,0,1.4,1.000,0,,,0
15,0,0.0,0,1.5,1.000,0,,,0
16,0,0.0,0,1.5,0.999,0,,,0
17,0,0.0,0,1.4,1.000,0,,,0
18,0,0.0,0,1.5,1.000,0,,,0
19,0,0.0,0,1.4,0.999,0,,,0
20,0,0.0,0,1.4,1.000,0,,,0
21,0,0.0,0,1.5,0.999,0,,,0
22,0,0.0,0,1.4,0.999,0,,,0
23,0,0.0,0,1.3,0.999,0,,,0
24,0,0.0,0,1.3,1.000,0,,,0
25,0,0.0,0,1.3,0.999,0,,,0
26,0,0.0,0,1.4,1.000,0,,,0
27,0,0.0,0,1.5,0.999,0,,,0
28,0,0.0,0,1.4,0.999,0,,,0
29,0,0.0,0,1.3,0.999,0,,,0
30,0,0.0,0,1.6,0.999,0,,,0
31,0,0.0,0,1.7,0.999,0,,,0
32,0,0.0,0,1.7,0.999,0,,,0
33,0,0.0,0,1.7,1.000,0,,,0
34,0,0.0,0,1.5,1.000,0,,,0
35,0,0.0,0,1.6,1.000,0,,,0
36,0,0.0,0,1.6,1.000,0,,,0
37,0,0.0,0,1.8,1.000,0,,,0
38,0,0.0,0,1.3,1.000,0,,,0
39,0,0.0,0,1.3,1.000,0,,,0
40,0,0.0,0,1.3,0.999,0,,,0
41,0,0.0,0,1.3,1.000,0,,,0
42,0,0.0,0,1.8,1.000,0,,,0
43,0,0.0,0,1.9,1.000,0,,,0
44,0,0.0,0,2.1,0.999,0,,,0
45,0,0.0,0,2.2,0.999,0,,,0
46,0,0.0,0,2.0,0.999,0,,,0
47,0,0.0,0,1.3,0.999,0,,,0
48,0,0.0,0,1.3,0.999,0,,,0
49,0,0.0,0,1.3,0.999,0,,,0
50,0,0.0,0,1.4,0.999,0,,,0
51,0,0.0,0,1.3,0.999,0,,,0
52,0,0.0,0,1.3,0.999,0,,,0
53,0,0.0,0,1.5,0.999,0,,,0
54,0,0.0,0,1.5,0.999,0,,,0
55,0,0.0,0,1.6,1.000,0,,,0
56,0,0.0,0,1.3,1.000,0,,,0
57,0,0.0,0,1.4,1.000,0,,,0
58,0,0.0,0,1.3,1.000,0,,,0
59,0,0.0,0,1.4,1.000,0,,,0
60,0,0.0,0,1.4,1.000,0,,,0
61,0,0.0,0,1.5,0.999,0,,,0
62,0,0.0,0,1.4,1.000,0,,,0
63,0,0.0,0,1.3,1.000,0,,,0
64,0,0.0,0,1.5,1.000,0,,,0
65,0,0.0,0,1.3,0.999,0,,,0
66,0,0.0,0,1.3,0.999,0,,,0
67,0,0.0,0,1.4,1.000,0,,,0
68,0,0.0,0,1.8,0.999,0,,,0
69,0,0.0,0,1.3,0.999,0,,,0
70,0,0.0,0,1.3,0.999,0,,,0
71,0,0.0,0,1.3,1.000,0,,,0
72,0,0.0,0,1.3,1.000,0,,,0
73,0,0.0,0,1.3,0.999,0,,,0
74,0,0.0,0,1.4,0.999,0,,,0
75,0,0.0,0,1.3,1.000,0,,,0
76,0,0.0,0,1.3,1.000,0,,,0
77,0,0.0,0,1.7,1.000,0,,,0
78,0,0.0,0,1.3,0.999,0,,,0
79,0,0.0,0,1.3,1.000,0,,,0
80,0,0.0,0,1.3,0.999,0,,,0
81,0,0.0,0,1.4,0.999,0,,,0
82,0,0.0,0,1.5,0.999,0,,,0
83,0,0.0,0,1.3,0.999,0,,,0
84,0,0.0,0,1.4,0.999,0,,,0
85,0,0.0,0,1.3,0.999,0,,,0
86,0,0.0,0,1.5,0.999,0,,,0
87,0,0.0,0,1.3,0.999,0,,,0
88,0,0.0,0,1.4,1.000,0,,,0
89,0,0.0,0,1.4,1.000,0,,,0
90,0,0.0,0,1.3,0.999,0,,,0
91,0,0.0,0,1.3,0.999,0,,,0
92,0,0.0,0,1.4,0.999,0,,,0
93,0,0.0,0,1.7,0.999,0,,,0
94,0,0.0,0,1.3,0.999,0,,,0
95,0,0.0,0,1.2,0.999,0,,,0
96,0,0.0,0,1.3,1.000,0,,,0
97,0,0.0,0,1.3,0.999,0,,,0
98,0,0.0,0,1.5,0.999,0,,,0
99,0,0.0,0,1.4,0.999,0,,,0
100,0,0.0,0,1.3,0.998,0,,,0
101,0,0.0,0,1.4,0.999,0,,,0
102,0,0.0,0,8.5,0.999,0,,,0
103,0,0.0,0,1.3,0.999,0,,,0
104,0,0.0,0,1.3,1.000,0,,,0
105,0,0.0,0,1.3,0.999,0,,,0
106,0,0.0,0,1.3,1.000,0,,,0
107,0,0.0,0,1.3,1.000,0,,,0
108,0,0.0,0,1.2,1.000,0,,,0
109,0,0.0,0,1.3,0.999,0,,,0
110,0,0.0,0,1.5,0.999,0,,,0
111,0,0.0,0,1.4,0.999,0,,,0
112,0,0.0,0,1.4,1.000,0,,,0
113,0,0.0,0,1.4,1.000,0,,,0
114,0,0.0,0,1.4,1.000,0,,,0
115,0,0.0,0,1.4,0.999,0,,,0
116,0,0.0,0,1.5,0.999,0,,,0
117,0,0.0,0,1.2,0.999,0,,,0
118,0,0.0,0,1.4,0.999,0,,,0
119,0,0.0,0,1.3,0.999,0,,,0
120,0,0.0,0,1.3,0.999,0,,,0
121,0,0.0,0,1.3,0.999,0,,,0
122,0,0.0,0,1.4,0.999,0,,,0
123,0,0.0,0,1.3,0.999,0,,,0
124,0,0.0,0,1.3,1.000,0,,,0
125,0,0.0,0,1.3,1.000,0,,,0
126,0,0.0,0,1.3,1.000,0,,,0
127,0,0.0,0,1.3,1.000,0,,,0
128,0,0.0,0,1.3,1.000,0,,,0
129,0,0.0,0,1.2,0.999,0,,,0
130,0,0.0,0,1.3,0.999,0,,,0
131,0,0.0,0,1.2,1.000,0,,,0
132,0,0.0,0,1.3,0.999,0,,,0
133,0,0.0,0,1.3,0.999,0,,,0
134,0,0.0,0,1.5,1.000,0,,,0
135,0,0.0,0,1.5,1.000,0,,,0
136,0,0.0,0,1.4,1.000,0,,,0
137,0,0.0,0,1.4,0.999,0,,,0
138,0,0.0,0,1.3,0.999,0,,,0
139,0,0.0,0,1.3,1.000,0,,,0
140,0,0.0,0,1.4,0.999,0,,,0
141,0,0.0,0,1.4,0.999,0,,,0
142,0,0.0,0,1.5,0.999,0,,,0
143,0,0.0,0,1.6,0.999,0,,,0
144,0,0.0,0,1.6,1.000,0,,,0
145,0,0.0,0,1.6,1.000,0,,,0
146,0,0.0,0,1.7,1.000,0,,,0
147,0,0.0,0,1.7,0.999,0,,,0
148,0,0.0,0,1.7,1.000,0,,,0
149,0,0.0,0,1.9,0.999,0,,,0
150,0,0.0,0,1.6,0.999,0,,,0
151,0,0.0,0,1.7,1.000,0,,,0
152,0,0.0,0,1.6,1.000,0,,,0
153,0,0.0,0,1.6,1.000,0,,,0
154,0,0.0,0,1.6,1.000,0,,,0
155,0,0.0,0,1.9,0.999,0,,,0
156,0,0.0,0,1.6,1.000,0,,,0
157,0,0.0,0,1.9,0.999,0,,,0
158,0,0.0,0,1.9,1.000,0,,,0
159,0,0.0,0,1.9,1.000,0,,,0
160,0,0.0,0,1.8,0.999,0,,,0
161,0,0.0,0,1.8,1.000,0,,,0
162,0,0.0,0,2.1,0.999,0,,,0
163,0,0.0,0,1.7,0.999,0,,,0
164,0,0.0,0,1.7,0.999,0,,,0
165,0,0.0,0,2.0,1.000,0,,,0
166,0,0.0,0,1.9,0.999,0,,,0
167,0,0.0,0,1.9,1.000,0,,,0
168,0,0.0,0,1.9,0.999,0,,,0
169,0,21.1,0,4.6,0.999,0,0.052,0.052,0
170,0,24.4,0,2.3,0.999,0,0.048,0.048,0
171,0,24.4,0,2.1,0.999,0,0.045,0.045,0
172,0,24.5,0,2.1,0.999,0,0.041,0.041,0
173,0,23.4,0,2.1,0.999,0,0.073,0.073,0
174,0,22.9,0,2.1,0.999,0,0.070,0.070,0
175,0,22.6,0,2.5,0.999,0,0.062,0.062,0
176,0,22.9,0,2.2,0.999,0,0.094,0.094,0
177,0,23.0,0,2.1,0.999,0,0.093,0.093,0
178,0,23.2,0,2.2,0.998,0,0.094,0.094,0
179,0,23.2,0,2.2,0.998,0,0.092,0.092,0
180,0,21.5,0,2.9,0.999,0,0.115,0.115,0
181,0,21.5,0,2.5,0.998,0,,,0
182,0,21.7,0,2.6,0.999,0,,,0
183,0,21.5,0,2.6,0.999,0,,,0
184,0,30.1,0,2.3,0.999,0,0.168,0.168,0
185,0,29.9,0,2.1,0.998,0,0.180,0.180,0
186,0,29.9,0,2.3,0.999,0,0.180,0.180,0
187,0,30.0,0,2.1,0.999,0,0.181,0.181,0
188,0,31.1,0,2.4,0.998,0,0.146,0.146,0
189,0,31.5,0,2.2,0.999,0,0.158,0.158,0
190,0,25.1,0,2.1,0.998,0,0.094,0.094,0
191,0,25.1,0,2.2,0.998,0,0.095,0.095,0
192,0,25.1,0,2.1,0.998,0,0.086,0.086,0
193,0,24.1,0,2.1,0.999,0,0.090,0.090,0
194,0,22.9,0,2.1,0.998,0,0.076,0.076,0
195,0,23.5,0,2.1,0.998,0,0.094,0.094,0
196,0,23.9,0,2.1,0.998,0,0.099,0.099,0
197,0,21.9,0,1.8,0.998,0,0.072,0.072,0
198,0,21.8,0,1.8,0.998,0,0.093,0.093,0
199,0,27.0,0,1.8,0.998,0,0.111,0.111,0
200,0,27.2,0,1.9,0.998,0,0.117,0.117,0
201,0,27.2,0,1.9,0.999,0,0.118,0.118,0
202,0,26.8,0,1.8,0.998,0,0.107,0.107,0
203,0,24.2,0,1.9,0.998,0,0.045,0.045,0
204,0,24.4,0,1.8,0.999,0,0.047,0.047,0
205,0,24.7,0,2.2,0.999,0,0.136,0.136,0
206,0,24.1,0,2.0,0.998,0,0.107,0.107,0
207,0,24.3,0,2.0,0.999,0,0.110,0.110,0
208,0,24.0,0,2.1,0.998,0,0.107,0.107,0
209,0,24.1,0,2.1,0.998,0,0.080,0.080,0
210,0,24.2,0,2.1,0.998,0,0.080,0.080,0
211,0,24.1,0,1.9,0.997,0,0.077,0.077,0
212,0,23.5,0,2.1,0.998,0,0.051,0.051,0
213,0,23.7,0,2.1,0.998,0,0.056,0.056,0
214,0,23.9,0,2.1,0.999,0,0.058,0.058,0
215,0,24.4,0,2.0,0.998,0,0.068,0.068,0
216,0,24.5,0,2.0,0.999,0,0.076,0.076,0
217,0,24.7,0,1.9,0.998,0,0.076,0.076,0
218,0,23.3,0,1.9,0.998,0,0.093,0.093,0
219,0,23.5,0,1.8,0.998,0,0.097,0.097,0
220,0,23.4,0,1.9,0.999,0,0.094,0.094,0
221,0,25.0,0,2.0,0.998,0,0.181,0.181,0
222,0,25.1,0,1.9,0.998,0,0.182,0.182,0
223,0,25.1,0,1.9,0.998,0,0.180,0.180,0
224,0,24.6,0,18.3,0.997,0,0.180,0.180,0
225,0,24.5,0,1.9,0.997,0,0.176,0.176,0
226,0,24.5,0,1.9,0.997,0,0.180,0.180,0
227,0,25.2,0,1.9,0.997,0,0.052,0.052,0
228,0,25.0,0,2.0,0.996,0,0.049,0.049,0
229,0,24.8,0,2.0,0.997,0,0.046,0.046,0
230,0,25.8,0,1.8,0.999,0,0.047,0.047,0
231,0,25.7,0,2.0,0.998,0,0.046,0.046,0
232,0,25.9,0,1.8,0.999,0,0.044,0.044,0
233,0,25.7,0,1.9,0.999,0,0.046,0.046,0
234,0,25.7,0,2.0,0.998,0,0.048,0.048,0
235,0,26.1,0,1.8,0.997,0,0.053,0.053,0
236,0,26.1,0,2.1,0.998,0,0.051,0.051,0
237,0,25.9,0,1.9,0.998,0,0.050,0.050,0
238,0,26.2,0,3.9,0.998,0,0.049,0.049,0
239,0,23.7,0,3.5,0.999,0,0.052,0.052,0
240,0,23.6,0,1.9,0.998,0,0.064,0.064,0
241,0,23.7,0,2.1,0.998,0,0.051,0.051,0
242,0,23.1,0,1.9,0.998,0,0.060,0.060,0
243,0,22.8,0,1.9,0.999,0,0.053,0.053,0
244,0,23.2,0,1.9,0.999,0,0.065,0.065,0
245,0,23.6,0,1.8,0.999,0,0.020,0.020,0
246,0,23.1,0,1.8,0.998,0,0.022,0.022,0
247,0,23.1,0,1.8,0.997,0,0.015,0.015,0
248,0,24.9,0,1.9,0.998,0,0.068,0.068,0
249,0,24.8,0,1.9,0.998,0,0.066,0.066,0
250,0,24.9,0,1.9,0.998,0,0.063,0.063,0
251,0,24.0,0,1.9,0.998,0,0.072,0.072,0
252,0,24.3,0,1.9,0.998,0,0.070,0.070,0
253,0,24.1,0,1.8,0.999,0,0.079,0.079,0
254,0,24.8,0,1.8,0.998,0,0.042,0.042,0
255,0,25.0,0,1.8,0.998,0,0.051,0.051,0
256,0,25.2,0,1.8,0.998,0,0.058,0.058,0
257,0,24.3,0,1.9,0.998,0,0.045,0.045,0
258,0,24.6,0,1.9,0.998,0,0.047,0.047,0
259,0,25.8,0,1.8,0.998,0,0.084,0.084,0
260,0,25.4,0,1.8,0.999,0,0.075,0.075,0
261,0,25.8,0,1.8,0.999,0,0.086,0.086,0
262,0,25.5,0,1.8,0.999,0,0.084,0.084,0
263,0,27.0,0,1.8,0.998,0,0.065,0.065,0
264,0,27.1,0,1.9,0.999,0,0.062,0.062,0
265,0,27.1,0,1.9,0.999,0,0.064,0.064,0
266,0,24.1,0,2.0,0.998,0,0.044,0.044,0
267,0,24.3,0,2.0,0.998,0,0.039,0.039,0
268,0,24.0,0,1.8,0.998,0,0.046,0.046,0
269,0,24.5,0,2.0,0.999,0,0.012,0.012,0
270,0,24.5,0,1.7,0.999,0,0.012,0.012,0
271,0,24.3,0,1.7,0.998,0,0.014,0.014,0
272,0,23.5,0,1.9,0.998,0,0.067,0.067,0
273,0,23.4,0,1.9,0.998,0,0.072,0.072,0
274,0,23.5,0,1.8,0.999,0,0.065,0.065,0
275,0,25.3,0,1.9,0.999,0,0.026,0.026,0
276,0,25.6,0,1.7,0.999,0,0.033,0.033,0
277,0,25.7,0,1.8,0.998,0,0.029,0.029,0
278,0,26.2,0,1.9,0.999,0,0.081,0.081,0
279,0,26.0,0,1.9,0.998,0,0.085,0.085,0
280,0,25.6,0,2.2,0.998,0,0.076,0.076,0
281,0,27.6,0,1.8,0.999,0,0.021,0.021,0
282,0,27.7,0,2.0,0.999,0,0.023,0.023,0
283,0,27.6,0,2.1,0.998,0,0.025,0.025,0
284,0,26.9,0,1.9,0.999,0,0.046,0.046,0
285,0,27.0,0,1.9,0.999,0,0.049,0.049,0
286,0,26.9,0,2.1,0.999,0,0.040,0.040,0
287,0,25.1,0,1.9,0.999,0,0.028,0.028,0
288,0,25.1,0,2.0,0.997,0,0.033,0.033,0
289,0,25.0,0,2.0,0.999,0,0.026,0.026,0
290,0,27.1,0,2.0,0.998,0,0.087,0.087,0
291,0,27.3,0,1.9,0.998,0,0.093,0.093,0
292,0,27.1,0,2.3,0.999,0,0.096,0.096,0
293,0,27.6,0,1.9,0.999,0,0.053,0.053,0
294,0,27.2,0,2.0,0.999,0,0.060,0.060,0
295,0,27.4,0,1.9,0.998,0,0.063,0.063,0
296,0,27.5,0,1.7,0.999,0,0.200,0.200,0
297,0,27.5,0,1.9,0.999,0,0.203,0.203,0
298,0,27.7,0,1.9,0.998,0,0.204,0.204,0
299,0,28.7,0,3.6,0.999,0,0.103,0.103,0
300,0,28.5,0,2.4,0.999,0,0.094,0.094,0
301,0,28.6,0,1.8,0.998,0,0.092,0.092,0
302,0,29.4,0,1.9,0.999,0,0.082,0.082,0
303,0,29.3,0,2.0,0.999,0,0.079,0.079,0
304,0,28.9,0,2.3,0.999,0,0.012,0.012,0
305,0,28.3,0,1.8,0.999,0,0.049,0.049,0
306,0,28.3,0,2.0,0.999,0,0.046,0.046,0
307,0,28.1,0,2.1,0.998,0,0.040,0.040,0
308,0,28.9,0,1.8,0.998,0,0.163,0.163,0
309,0,28.7,0,2.1,0.998,0,0.164,0.164,0
310,0,28.6,0,2.3,0.998,0,0.167,0.167,0
311,0,29.5,0,2.0,0.999,0,0.175,0.175,0
312,0,29.6,0,1.9,1.000,0,0.172,0.172,0
313,0,29.7,0,2.2,0.998,0,0.173,0.173,0
314,0,28.1,0,2.2,0.998,0,0.190,0.190,0
315,0,28.1,0,2.1,0.998,0,0.187,0.187,0
316,0,28.1,0,2.2,0.999,0,0.187,0.187,0
317,0,28.9,0,2.1,0.999,0,0.163,0.163,0
318,0,28.8,0,2.1,0.999,0,0.167,0.167,0
319,0,28.8,0,2.0,0.999,0,0.166,0.166,0
320,0,27.9,0,2.3,0.999,0,0.215,0.215,0
321,0,27.8,0,2.2,0.999,0,0.214,0.214,0
322,0,28.1,0,2.3,0.999,0,0.212,0.212,0
323,0,29.7,0,2.7,0.999,0,0.161,0.161,0
324,0,30.0,0,2.4,0.999,0,0.144,0.144,0
325,0,29.9,0,2.1,1.000,0,0.144,0.144,0
326,0,29.5,0,2.0,0.999,0,0.197,0.197,0
327,0,29.3,0,2.4,0.999,0,0.195,0.195,0
328,0,29.3,0,2.1,0.999,0,0.194,0.194,0
329,0,30.3,0,2.7,0.999,0,0.211,0.211,0
330,0,30.4,0,2.4,0.999,0,0.212,0.212,0
331,0,30.6,0,2.1,0.999,0,0.212,0.212,0
332,0,28.2,0,3.3,0.999,0,0.214,0.214,0
333,0,28.4,0,2.9,0.999,0,0.215,0.215,0
334,0,28.5,0,2.5,1.000,0,0.213,0.213,0
335,0,31.2,0,2.3,0.999,0,0.424,0.424,0
336,0,31.2,0,3.2,0.999,0,0.423,0.423,0
337,0,31.0,0,2.3,0.999,0,0.424,0.424,0
338,0,25.6,0,2.1,1.000,0,0.245,0.245,0
339,0,25.5,0,2.0,0.999,0,0.250,0.250,0
340,0,25.9,0,2.1,0.998,0,0.239,0.239,0
341,0,18.3,0,2.2,1.000,0,0.345,0.345,0
342,0,18.4,0,2.1,1.000,0,0.346,0.346,0
343,0,28.1,0,2.4,1.000,0,0.284,0.284,0
344,0,27.5,0,2.6,1.000,0,0.189,0.189,0
345,0,27.5,0,2.3,0.999,0,0.190,0.190,0
346,0,27.4,0,2.2,0.999,0,0.324,0.324,0
347,0,26.9,0,2.2,0.998,0,0.397,0.397,0
348,0,27.1,0,2.4,0.999,0,0.393,0.393,0
349,0,25.2,0,2.2,0.998,0,0.475,0.475,0
350,0,25.3,0,2.1,0.999,0,0.476,0.476,0
351,0,25.3,0,2.2,0.999,0,0.477,0.477,0
352,0,25.3,0,2.3,1.000,0,0.475,0.475,0
353,0,26.2,0,2.2,1.000,0,0.445,0.445,0
354,0,26.3,0,2.3,0.999,0,0.446,0.446,0
355,0,26.3,0,2.2,0.999,0,0.447,0.447,0
356,0,26.0,0,2.4,0.999,0,0.692,0.692,0
357,0,26.1,0,2.5,0.999,0,0.689,0.689,0
358,0,26.1,0,2.0,0.999,0,0.695,0.695,0
359,0,26.1,0,2.4,1.000,0,0.743,0.743,0
360,0,26.4,0,2.5,1.000,0,0.772,0.772,0
361,0,26.1,0,2.2,0.999,0,0.749,0.749,0
362,0,26.3,0,2.5,0.998,0,0.273,0.273,0
363,0,26.3,0,2.4,0.999,0,0.273,0.273,0
364,0,26.5,0,2.2,0.999,0,0.274,0.274,0
365,0,25.0,0,2.1,0.999,0,0.755,0.755,0
366,0,25.0,0,1.8,0.999,0,0.754,0.754,0
367,0,25.0,0,1.8,0.999,0,0.758,0.758,0
368,0,25.0,0,1.8,0.999,0,0.638,0.638,0
369,0,25.0,0,1.8,0.999,0,0.636,0.636,0
370,0,25.0,0,2.0,0.999,0,0.634,0.634,0
371,0,27.5,0,1.8,0.999,0,0.648,0.648,0
372,0,27.5,0,2.0,0.999,0,0.648,0.648,0
373,0,27.4,0,1.9,0.998,0,0.645,0.645,0
374,0,27.4,0,1.8,0.999,0,0.657,0.657,0
375,0,27.4,0,2.0,0.999,0,0.658,0.658,0
376,0,27.4,0,1.9,0.999,0,0.658,0.658,0
377,0,27.6,0,2.1,0.999,0,0.732,0.732,0
378,0,27.5,0,2.2,0.999,0,0.726,0.726,0
379,0,27.4,0,2.1,1.000,0,0.725,0.725,0
380,0,27.9,0,2.0,0.999,0,0.747,0.747,0
381,0,27.8,0,1.9,0.999,0,0.734,0.734,0
382,0,27.6,0,2.6,0.999,0,0.727,0.727,0
383,0,27.8,0,2.7,1.000,0,0.659,0.659,0
384,0,27.7,0,2.4,0.999,0,0.658,0.658,0
385,0,27.7,0,2.1,0.999,0,0.654,0.654,0
386,0,31.8,0,1.8,0.999,0,0.671,0.671,0
387,0,31.7,0,1.8,0.999,0,0.666,0.666,0
388,0,31.9,0,1.8,0.999,0,0.676,0.676,0
389,0,31.5,0,1.8,0.999,0,0.673,0.673,0
390,0,31.6,0,1.9,0.999,0,0.671,0.671,0
391,0,31.5,0,2.0,1.000,0,0.673,0.673,0
392,0,27.9,0,1.8,0.999,0,0.715,0.715,0
393,0,27.9,0,2.0,0.999,0,0.664,0.664,0
394,0,28.0,0,2.3,1.000,0,0.663,0.663,0
395,0,27.2,0,2.0,0.999,0,0.732,0.732,0
396,0,27.2,0,2.1,0.999,0,0.728,0.728,0
397,0,27.4,0,2.0,0.999,0,0.722,0.722,0
398,0,30.0,0,1.9,0.999,0,0.685,0.685,0
399,0,29.9,0,1.8,1.000,0,0.686,0.686,0
400,0,29.9,0,1.8,1.000,0,0.681,0.681,0
401,0,28.5,0,2.1,1.000,0,0.485,0.485,0
402,0,28.5,0,2.1,0.999,0,0.488,0.488,0
403,0,28.4,0,2.0,0.999,0,0.487,0.487,0
404,0,28.4,0,1.8,0.964,01,,,01
405,0,28.4,0,1.8,0.789,01,,,01
406,01,28.4,0,1.4,0.593,01,,,01
407,01,28.4,0,1.4,0.867,01,,,01
408,01,28.4,0,1.5,0.964,01,,,01
409,01,28.4,0,1.7,0.990,01,,,01
410,01,28.4,0,1.3,0.997,01,,,01
411,01,28.4,0,1.4,0.999,01,,,01
412,01,28.4,0,1.4,1.000,01,,,01
413,01,28.4,0,1.4,1.000,01,,,01
414,01,28.4,0,1.5,1.000,01,,,01
415,01,28.4,0,1.4,1.000,01,,,01
416,01,28.4,0,4.4,1.000,01,,,01
417,01,28.4,0,2.0,1.000,01,,,01
418,01,28.4,0,1.9,1.000,01,,,01
419,01,28.4,0,1.9,1.000,01,,,01
420,01,28.4,0,1.4,1.000,01,,,01
421,01,28.4,0,1.3,1.000,01,,,01
422,01,28.4,0,1.4,1.000,01,,,01
423,01,28.4,0,1.5,1.000,01,,,01
424,01,28.4,0,1.4,1.000,01,,,01
425,01,28.4,0,1.3,1.000,01,,,01
426,01,28.4,0,1.3,1.000,01,,,01
427,01,28.4,0,1.4,1.000,01,,,01
428,01,28.4,0,1.4,1.000,01,,,01
429,01,28.4,0,1.3,1.000,01,,,01
430,01,28.4,0,1.4,1.000,01,,,01
431,01,28.4,0,1.3,1.000,01,,,01
432,01,28.4,0,1.3,0.999,01,,,01
433,01,28.4,0,1.2,1.000,01,,,01
434,01,28.4,0,1.6,0.999,01,,,01
435,01,28.4,0,1.6,0.999,01,,,01
436,01,28.4,0,1.6,1.000,01,,,01
437,01,28.4,0,1.4,1.000,01,,,01
438,01,28.4,0,1.4,1.000,01,,,01
439,01,28.4,0,1.3,1.000,01,,,01
440,01,28.4,0,1.6,0.999,01,,,01
441,01,28.4,0,1.4,1.000,01,,,01
442,01,28.4,0,1.4,1.000,01,,,01
443,01,28.4,0,1.6,1.000,01,,,01
444,01,28.4,0,1.5,1.000,01,,,01
445,01,28.4,0,1.3,1.000,01,,,01
446,01,28.4,0,1.3,1.000,01,,,01
447,01,28.4,0,1.3,1.000,01,,,01
448,01,28.4,0,1.4,1.000,01,,,01
449,01,28.4,0,1.3,1.000,01,,,01
450,01,28.4,0,1.3,0.999,01,,,01
451,01,28.4,0,1.4,0.999,01,,,01
452,01,28.4,0,1.5,0.999,01,,,01
453,01,28.4,0,2.2,0.999,01,,,01
454,01,28.4,0,2.2,1.000,01,,,01
455,01,28.4,0,2.0,1.000,01,,,01
456,01,28.4,0,2.0,1.000,01,,,01
457,01,28.4,0,2.0,0.999,01,,,01
458,01,28.4,0,2.0,1.000,01,,,01
459,01,28.4,0,2.2,0.999,01,,,01
460,01,28.4,0,1.4,0.999,01,,,01
461,01,28.4,0,1.5,0.999,01,,,01
462,01,28.4,0,1.6,0.999,01,,,01
463,01,28.4,0,1.4,0.999,01,,,01
464,01,28.4,0,1.4,1.000,01,,,01
465,01,28.4,0,1.4,1.000,01,,,01
466,01,28.4,0,1.4,1.000,01,,,01
467,01,28.4,0,1.6,1.000,01,,,01
468,01,28.4,0,1.5,1.000,01,,,01
469,01,28.4,0,1.5,1.000,01,,,01
470,01,28.4,0,1.6,1.000,01,,,01
471,01,28.4,0,2.0,0.998,01,,,01
472,01,28.4,0,1.5,0.999,01,,,01
473,01,28.4,0,1.6,1.000,01,,,01
474,01,28.4,0,1.5,0.999,01,,,01
475,01,28.4,0,2.1,1.000,01,,,01
476,01,28.4,0,1.6,0.999,01,,,01
477,01,28.4,0,2.0,1.000,01,,,01
478,01,28.4,0,1.6,0.999,01,,,01
479,01,28.4,0,1.5,0.998,01,,,01
480,01,28.4,0,1.6,0.997,01,,,01
481,01,28.4,0,1.5,0.997,01,,,01
482,01,28.4,0,1.4,0.996,01,,,01
483,01,28.4,0,1.4,0.995,01,,,01
484,01,28.4,0,1.4,0.994,01,,,01
485,01,28.4,0,1.6,0.994,01,,,01
486,01,28.4,0,1.6,0.990,01,,,01
487,01,28.4,0,2.2,0.992,01,,,01
488,01,28.4,0,1.5,0.993,01,,,01
489,01,28.4,0,1.7,0.992,01,,,01
490,01,28.4,0,1.8,0.989,01,,,01
491,01,28.4,0,1.1,0.975,01,,,01
492,01,28.4,0,1.1,0.949,01,,,01
493,01,28.4,0,1.1,0.928,01,,,01
494,01,28.4,0,1.1,0.903,01,,,01
495,01,28.4,0,1.4,0.883,01,,,01
496,01,28.4,0,1.8,0.867,01,,,01
497,01,28.4,0,1.0,0.849,01,,,01
498,01,28.4,0,1.0,0.829,01,,,01
499,01,28.4,0,1.1,0.812,01,,,01
500,01,28.4,0,1.2,0.792,01,,,01
501,01,28.4,0,1.3,0.768,01,,,01
502,01,28.4,0,1.1,0.755,01,,,01
503,01,28.4,0,1.2,0.743,01,,,01
504,01,28.4,0,1.2,0.727,01,,,01
505,01,28.4,0,1.1,0.712,01,,,01
506,01,28.4,0,1.7,0.518,010,,,010
507,010,28.4,0,1.7,0.789,010,,,010
508,010,28.4,0,1.4,0.940,010,,,010
509,010,28.4,0,1.6,0.985,010,,,010
510,010,28.4,0,1.4,0.995,010,,,010
511,010,28.4,0,1.4,0.997,010,,,010
512,010,28.4,0,1.4,0.999,010,,,010
513,010,28.4,0,1.3,0.999,010,,,010
514,010,28.4,0,1.4,0.999,010,,,010
515,010,28.4,0,1.5,0.999,010,,,010
516,010,28.4,0,1.5,0.999,010,,,010
517,010,28.4,0,1.5,0.999,010,,,010
518,010,28.4,0,1.5,1.000,010,,,010
519,010,28.4,0,1.3,1.000,010,,,010
520,010,28.4,0,1.6,1.000,010,,,010
521,010,28.4,0,1.4,1.000,010,,,010
522,010,28.4,0,1.3,1.000,010,,,010
523,010,28.4,0,1.4,0.999,010,,,010
524,010,28.4,0,1.4,0.999,010,,,010
525,010,28.4,0,1.4,0.999,010,,,010
526,010,28.4,0,1.3,1.000,010,,,010
527,010,28.4,0,1.3,0.999,010,,,010
528,010,28.4,0,1.3,0.999,010,,,010
529,010,28.4,0,1.3,0.999,010,,,010
530,010,28.4,0,1.3,0.999,010,,,010
531,010,28.4,0,1.4,1.000,010,,,010
532,010,28.4,0,1.3,1.000,010,,,010
533,010,28.4,0,1.3,0.999,010,,,010
534,010,28.4,0,1.4,0.999,010,,,010
535,010,28.4,0,1.3,0.999,010,,,010
536,010,28.4,0,1.3,0.999,010,,,010
537,010,28.4,0,1.4,0.999,010,,,010
538,010,28.4,0,1.3,1.000,010,,,010
539,010,28.4,0,1.3,1.000,010,,,010
540,010,28.4,0,1.3,1.000,010,,,010
541,010,28.4,0,1.3,0.999,010,,,010
542,010,28.4,0,1.6,1.000,010,,,010
543,010,28.4,0,1.2,0.999,010,,,010
544,010,28.4,0,1.4,0.999,010,,,010
545,010,28.4,0,1.2,0.999,010,,,010
546,010,28.4,0,1.3,0.999,010,,,010
547,010,28.4,0,1.4,1.000,010,,,010
548,010,28.4,0,2.2,1.000,0100,,,0100
549,010,28.4,0,1.5,1.000,0100,,,0100
550,010,28.4,0,1.5,1.000,0100,,,0100
551,010,28.4,0,1.4,1.000,0100,,,0100
552,010,28.4,0,1.4,1.000,0100,,,0100
553,010,28.4,0,2.4,1.000,0100,,,0100
554,010,28.4,0,1.5,1.000,0100,,,0100
555,010,28.4,0,1.5,1.000,0100,,,0100
556,010,28.4,0,1.3,1.000,0100,,,0100
557,010,28.4,0,1.3,1.000,0100,,,0100
558,010,28.4,0,1.3,1.000,0100,,,0100
559,010,28.4,0,1.3,1.000,0100,,,0100
560,010,28.4,0,1.4,1.000,0100,,,0100
561,010,28.4,0,1.4,1.000,0100,,,0100
562,010,28.4,0,1.4,0.964,0100,,,0100
563,010,28.4,0,1.5,0.848,0100,,,0100
564,010,28.4,0,1.5,0.590,0100,,,0100
565,0100,28.4,0,2.2,0.718,0100,,,0100
566,0100,28.4,0,1.3,0.902,0100,,,0100
567,0100,28.4,0,1.3,0.971,0100,,,0100
568,0100,28.4,0,1.3,0.992,0100,,,0100
569,0100,28.4,0,1.9,0.998,0100,,,0100
570,0100,28.4,0,1.4,0.999,0100,,,0100
571,0100,28.4,0,1.3,1.000,0100,,,0100
572,0100,28.4,0,1.6,1.000,0100,,,0100
573,0100,28.4,0,1.5,1.000,0100,,,0100
574,0100,28.4,0,1.5,1.000,0100,,,0100
575,0100,28.4,0,1.4,1.000,0100,,,0100
576,0100,28.4,0,1.4,1.000,0100,,,0100
577,0100,28.4,0,1.3,1.000,0100,,,0100
578,0100,28.4,0,1.3,1.000,0100,,,0100
579,0100,28.4,0,1.3,1.000,0100,,,0100
580,0100,28.4,0,1.3,1.000,0100,,,0100
581,0100,28.4,0,1.3,1.000,0100,,,0100
582,0100,28.4,0,1.3,1.000,0100,,,0100
583,0100,28.4,0,1.4,1.000,0100,,,0100
584,0100,28.4,0,1.4,1.000,0100,,,0100
585,0100,28.4,0,1.4,1.000,0100,,,0100
586,0100,28.4,0,1.3,1.000,0100,,,0100
587,0100,28.4,0,1.3,1.000,0100,,,0100
588,0100,28.4,0,1.3,1.000,0100,,,0100
589,0100,28.4,0,2.5,1.000,0100,,,0100
590,0100,28.4,0,1.4,1.000,0100,,,0100
591,0100,28.4,0,1.3,1.000,0100,,,0100
592,0100,28.4,0,1.3,1.000,0100,,,0100
593,0100,28.4,0,1.4,1.000,0100,,,0100
594,0100,28.4,0,1.3,1.000,0100,,,0100
595,0100,28.4,0,1.3,1.000,0100,,,0100
596,0100,28.4,0,1.4,1.000,0100,,,0100
597,0100,28.4,0,1.3,1.000,0100,,,0100
598,0100,28.4,0,1.3,1.000,0100,,,0100
599,0100,28.4,0,1.2,1.000,0100,,,0100
600,0100,28.4,0,1.8,0.994,0100,,,0100
601,0100,28.4,0,1.4,0.987,0100,,,0100
602,0100,28.4,0,1.5,0.977,0100,,,0100
603,0100,28.4,0,1.4,0.969,0100,,,0100
604,0100,28.4,0,1.5,0.966,0100,,,0100
605,0100,28.4,0,1.4,0.968,0100,,,0100
606,0100,28.4,0,1.5,0.968,0100,,,0100
607,0100,28.4,0,1.4,0.970,0100,,,0100
608,0100,28.4,0,1.6,0.970,0100,,,0100
609,0100,28.4,0,1.7,0.969,0100,,,0100
610,0100,28.4,0,1.6,0.969,0100,,,0100
611,0100,28.4,0,2.5,0.966,010,0.296,0.296,010
612,0100,28.3,0,2.1,0.897,010,0.298,0.298,010
613,0100,28.4,0,2.0,0.652,010,0.297,0.297,010
614,010,28.5,0,2.1,0.707,010,0.265,0.265,010
615,010,28.6,0,2.0,0.915,010,0.269,0.269,010
616,010,28.6,0,2.1,0.979,010,0.271,0.271,010
617,010,29.7,0,2.0,0.995,010,0.295,0.295,010
618,010,29.9,0,2.0,0.999,010,0.296,0.296,010
619,010,29.7,0,1.9,1.000,010,0.298,0.298,010
620,010,29.7,0,1.6,0.999,0100,,,0100
621,010,29.7,0,1.5,0.997,0100,,,0100
622,010,29.7,0,2.9,0.988,0100,,,0100
623,010,29.7,0,1.6,0.961,0100,,,0100
624,010,29.7,0,1.7,0.879,0100,,,0100
625,010,29.7,0,1.5,0.676,0100,,,0100
626,0100,29.7,0,1.7,0.625,0100,,,0100
627,0100,29.7,0,1.7,0.855,0100,,,0100
628,0100,29.7,0,1.6,0.941,0100,,,0100
629,0100,29.7,0,1.9,0.974,0100,,,0100
630,0100,29.7,0,1.6,0.984,0100,,,0100
631,0100,29.7,0,2.0,0.990,0100,,,0100
632,0100,5.4,0,1.9,0.993,0100,,,0100
633,0100,5.4,0,1.8,0.993,0100,,,0100
634,0100,3.1,0,2.1,0.992,0100,,,0100
635,0100,5.7,0,2.0,0.992,0100,,,0100
636,0100,5.7,0,1.8,0.991,0100,,,0100
637,0100,5.7,0,2.5,0.994,0100,,,0100
638,0100,5.7,0,2.4,0.927,010,0.340,0.340,010
639,0100,5.6,0,2.2,0.731,010,0.338,0.338,010
640,010,5.5,0,2.8,0.600,010,0.338,0.338,010
641,010,5.5,0,2.6,0.854,010,0.357,0.357,010
642,010,5.5,0,2.1,0.956,010,0.366,0.366,010
643,010,5.5,0,2.3,0.987,010,0.369,0.369,010
644,010,5.5,0,2.2,0.956,0100,,,0100
645,010,6.1,0,2.1,0.870,0100,,,0100
646,010,4.7,0,2.2,0.672,0100,,,0100
647,010,15.2,0,2.7,0.880,010,0.330,0.330,010
648,010,15.3,0,2.4,0.961,010,0.335,0.335,010
649,010,15.2,0,2.2,0.988,010,0.333,0.333,010
650,010,4.6,0,2.4,0.996,010,0.341,0.341,010
651,010,4.6,0,2.2,0.998,010,0.343,0.343,010
652,010,4.7,0,2.2,0.998,010,0.342,0.342,010
653,010,1.3,0,1.8,0.993,0100,,,0100
654,010,1.8,0,2.0,0.971,0100,,,0100
655,010,1.3,0,1.9,0.902,0100,,,0100
656,010,1.3,0,2.3,0.965,010,0.353,0.353,010
657,010,1.4,0,2.2,0.988,010,0.353,0.353,010
658,010,1.4,0,2.1,0.995,010,0.354,0.354,010
659,010,0.8,0,2.1,0.997,010,0.360,0.360,010
660,010,0.7,0,2.3,0.998,010,0.358,0.358,010
661,010,0.8,0,2.0,0.998,010,0.362,0.362,010
662,010,1.7,0,2.1,0.999,010,0.382,0.382,010
663,010,1.2,0,2.0,0.999,010,0.376,0.376,010
664,010,1.1,0,2.0,1.000,010,0.372,0.372,010
665,010,0.3,0,2.2,0.999,010,0.315,0.315,010
666,010,0.3,0,2.3,0.998,010,0.316,0.316,010
667,010,0.3,0,2.2,0.998,010,0.315,0.315,010
668,010,0.7,0,2.3,0.998,010,0.329,0.329,010
669,010,1.6,0,2.1,0.997,010,0.542,0.542,010
670,010,1.5,0,2.0,0.998,010,0.540,0.540,010
671,010,1.5,0,2.5,0.998,010,0.376,0.376,010
672,010,2.4,0,2.5,0.998,010,0.565,0.565,010
673,010,2.4,0,2.3,0.998,010,0.562,0.562,010
674,010,2.4,0,2.5,0.999,010,0.275,0.275,010
675,010,2.4,0,2.2,0.999,010,0.274,0.274,010
676,010,3.8,0,4.3,0.999,010,0.205,0.205,010
677,010,3.9,0,2.4,0.999,010,0.208,0.208,010
678,010,3.9,0,2.7,0.998,010,0.204,0.204,010
679,010,22.6,0,3.5,0.999,010,0.350,0.350,010
680,010,22.6,0,2.4,0.999,010,0.349,0.349,010
681,010,22.7,0,2.2,0.999,010,0.349,0.349,010
682,010,21.7,0,2.4,0.999,010,0.399,0.399,010
683,010,21.7,0,2.3,0.999,010,0.399,0.399,010
684,010,21.7,0,2.4,0.998,010,0.399,0.399,010
685,010,20.6,0,3.4,0.999,010,0.437,0.437,010
686,010,20.6,0,3.4,0.998,010,0.436,0.436,010
687,010,20.6,0,3.5,0.998,010,0.437,0.437,010
688,010,20.3,0,3.6,0.999,010,0.440,0.440,010
689,010,20.0,0,2.5,0.999,010,0.454,0.454,010
690,010,20.0,0,2.3,0.999,010,0.457,0.457,010
691,010,-2.2,0,2.5,0.999,010,0.437,0.437,010
692,010,-2.2,0,2.4,0.998,010,0.437,0.437,010
693,010,-2.2,0,2.2,0.998,010,0.438,0.438,010
694,010,-2.5,0,2.7,0.999,010,0.444,0.444,010
695,010,-2.5,0,2.3,0.999,010,0.444,0.444,010
696,010,-2.5,0,2.3,0.998,010,0.446,0.446,010
697,010,-23.1,0,2.7,0.999,010,0.343,0.343,010
698,010,-23.2,0,2.2,0.999,010,0.345,0.345,010
699,010,-23.1,0,2.2,0.998,010,0.348,0.348,010
700,010,-24.5,0,2.7,0.999,010,0.382,0.382,010
701,010,-24.6,0,2.4,0.999,010,0.380,0.380,010
702,010,-24.5,0,2.4,0.999,010,0.378,0.378,010
703,010,-23.7,0,2.4,0.999,010,0.429,0.429,010
704,010,-23.7,0,2.3,0.999,010,0.430,0.430,010
705,010,-23.6,0,2.3,0.999,010,0.429,0.429,010
706,010,-23.7,0,2.4,0.999,010,0.428,0.428,010
707,010,-23.4,0,2.2,0.999,010,0.423,0.423,010
708,010,-23.3,0,2.2,0.999,010,0.418,0.418,010
709,010,-23.4,0,2.2,0.999,010,0.419,0.419,010
710,010,-23.7,0,3.1,0.999,010,0.477,0.477,010
711,010,-23.4,0,2.3,0.998,010,0.461,0.461,010
712,010,-23.7,0,2.3,0.997,010,0.475,0.475,010
713,010,-22.9,0,2.5,0.997,010,0.406,0.406,010
714,010,-22.9,0,2.5,0.996,010,0.407,0.407,010
715,010,-22.9,0,2.5,0.997,010,0.407,0.407,010
716,010,-22.5,0,2.3,0.996,010,0.398,0.398,010
717,010,-22.5,0,2.4,0.996,010,0.399,0.399,010
718,010,-22.4,0,2.5,0.994,010,0.399,0.399,010
719,010,-21.4,0,2.5,0.993,010,0.422,0.422,010
720,010,-21.3,0,2.4,0.994,010,0.422,0.422,010
721,010,-21.3,0,2.4,0.995,010,0.423,0.423,010
722,010,-21.8,0,2.7,0.993,010,0.483,0.483,010
723,010,-21.8,0,2.7,0.994,010,0.483,0.483,010
724,010,-21.8,0,2.8,0.992,010,0.484,0.484,010
725,010,-21.4,0,3.3,0.993,0100,1.452,0.760,010
726,010,-21.4,0,2.4,0.990,010,0.762,0.762,010
727,010,-21.4,0,2.2,0.991,010,0.761,0.761,010
728,010,-21.3,0,2.7,0.993,010,0.738,0.738,010
729,010,-21.4,0,2.3,0.992,010,0.737,0.737,010
730,010,-21.4,0,3.1,0.992,010,0.734,0.734,010
731,010,-20.7,0,2.8,0.991,010,0.552,0.552,010
732,010,-20.8,0,2.5,0.993,010,0.834,0.834,010
733,010,-20.7,0,2.3,0.992,010,0.825,0.825,010
734,010,-21.2,0,2.5,0.992,010,0.467,0.467,010
735,010,-21.2,0,2.3,0.989,010,0.851,0.851,010
736,010,-21.2,0,2.2,0.990,010,0.466,0.466,010
737,010,-20.0,0,2.1,0.991,010,0.384,0.384,010
738,010,-19.8,0,1.9,0.991,010,0.390,0.390,010
739,010,-20.0,0,2.0,0.990,010,0.389,0.389,010
740,010,-19.6,0,2.3,0.990,010,0.368,0.368,010
741,010,-19.5,0,2.4,0.992,010,0.368,0.368,010
742,010,-19.4,0,2.5,0.990,010,0.367,0.367,010
743,010,-18.8,0,2.1,0.993,010,0.413,0.413,010
744,010,-18.8,0,2.2,0.992,010,0.413,0.413,010
745,010,-18.8,0,2.1,0.994,010,0.411,0.411,010
746,010,-18.8,0,2.0,0.983,0100,,,0100
747,010,-18.8,0,1.8,0.920,0100,,,0100
748,010,-18.8,0,1.8,0.699,0100,,,0100
749,0100,-18.8,0,2.0,0.662,0100,,,0100
750,0100,-18.8,0,1.8,0.892,0100,,,0100
751,0100,-18.8,0,1.9,0.968,0100,,,0100
752,0100,-18.8,0,2.0,0.990,0100,,,0100
753,0100,-18.8,0,2.1,0.995,0100,,,0100
754,0100,-18.8,0,2.1,0.997,0100,,,0100
755,0100,-18.8,0,2.3,0.998,0100,,,0100
756,0100,-18.8,0,2.4,0.998,0100,,,0100
757,0100,-18.8,0,2.4,0.998,0100,,,0100
758,0100,-18.8,0,2.2,0.998,0100,,,0100
759,0100,-18.8,0,2.3,0.999,0100,,,0100
760,0100,-18.8,0,2.4,0.998,0100,,,0100
761,0100,-18.8,0,2.5,0.999,0100,,,0100
762,0100,-18.8,0,1.6,0.999,0100,,,0100
763,0100,-18.8,0,2.2,0.998,0100,,,0100
764,0100,-18.8,0,2.9,0.999,0100,,,0100
765,0100,-19.7,0,2.8,0.998,0100,,,0100
766,0100,-20.2,0,2.5,0.998,0100,,,0100
767,0100,-14.8,0,1.6,0.999,0100,,,0100
768,0100,-14.5,0,1.5,0.998,0100,,,0100
769,0100,-14.4,0,1.6,0.999,0100,,,0100
770,0100,-25.2,0,1.7,0.999,0100,,,0100
771,0100,-24.8,0,1.6,1.000,0100,,,0100
772,0100,-22.1,0,1.7,0.999,0100,,,0100
773,0100,-0.1,0,1.5,0.999,0100,,,0100
774,0100,-0.5,0,1.6,1.000,0100,,,0100
775,0100,4.3,0,1.8,0.999,0100,,,0100
776,0100,4.4,0,1.5,0.999,0100,,,0100
777,0100,3.8,0,1.6,0.999,0100,,,0100
778,0100,5.9,0,1.8,1.000,0100,,,0100
779,0100,5.7,0,1.8,1.000,0100,,,0100
780,0100,5.9,0,1.9,0.998,0100,,,0100
781,0100,5.9,0,1.9,0.998,0100,,,0100
782,0100,4.0,0,2.3,0.999,0100,,,0100
783,0100,3.9,0,2.9,0.998,0100,,,0100
784,0100,4.3,0,3.1,0.998,0100,,,0100
785,0100,-14.1,0,2.2,0.995,0100,,,0100
786,0100,-14.4,0,2.5,0.987,0100,,,0100
787,0100,-14.2,0,2.1,0.983,0100,,,0100
788,0100,2.1,0,2.1,0.979,0100,,,0100
789,0100,2.2,0,2.0,0.978,0100,,,0100
790,0100,2.5,0,2.1,0.973,0100,,,0100
791,0100,1.7,0,3.0,0.968,010,0.600,0.600,010
792,0100,1.6,0,2.9,0.903,010,0.601,0.601,010
793,0100,1.7,0,2.3,0.680,010,0.599,0.599,010
794,010,-1.1,0,3.3,0.663,010,0.692,0.692,010
795,010,-1.1,0,3.0,0.888,010,0.695,0.695,010
796,010,-1.0,0,3.1,0.968,010,0.694,0.694,010
797,010,0.4,0,3.0,0.991,010,0.716,0.716,010
798,010,0.4,0,2.9,0.997,010,0.719,0.719,010
799,010,0.5,0,2.9,0.998,010,0.719,0.719,010
800,010,0.7,0,2.8,0.999,010,0.707,0.707,010
801,010,0.9,0,2.0,0.999,010,0.705,0.705,010
802,010,0.9,0,2.0,0.997,010,0.704,0.704,010
803,010,-7.7,0,2.3,0.998,010,0.609,0.609,010
804,010,-7.6,0,2.0,0.998,010,0.605,0.605,010
805,010,-7.7,0,2.0,0.998,010,0.609,0.609,010
806,010,-4.5,0,1.7,0.993,0100,,,0100
807,010,-4.6,0,1.7,0.968,0100,,,0100
808,010,-4.6,0,1.8,0.895,0100,,,0100
809,010,-9.0,0,1.7,0.712,0100,,,0100
810,0100,-8.8,0,1.8,0.570,0100,,,0100
811,0100,-8.9,0,1.7,0.821,0100,,,0100
812,0100,-8.9,0,1.6,0.939,0100,,,0100
813,0100,-8.9,0,1.6,0.979,0100,,,0100
814,0100,-8.9,0,1.6,0.992,0100,,,0100
815,0100,-8.9,0,1.7,0.992,0100,,,0100
816,0100,-8.9,0,1.7,0.995,0100,,,0100
817,0100,-8.9,0,1.7,0.994,0100,,,0100
818,0100,-8.9,0,1.7,0.992,0100,,,0100
819,0100,-8.7,0,2.3,0.992,0100,,,0100
820,0100,-8.6,0,1.8,0.991,0100,,,0100
821,0100,-4.6,0,1.8,0.993,0100,,,0100
822,0100,-4.4,0,1.8,0.995,0100,,,0100
823,0100,-4.2,0,2.0,0.994,0100,,,0100
824,0100,-4.3,0,2.0,0.995,0100,,,0100
825,0100,-4.3,0,1.9,0.996,0100,,,0100
826,0100,-4.3,0,1.8,0.995,0100,,,0100
827,0100,-19.2,0,1.9,0.995,0100,,,0100
828,0100,-18.7,0,1.7,0.995,0100,,,0100
829,0100,-18.3,0,2.0,0.997,0100,,,0100
830,0100,-39.0,0,2.0,0.996,0100,,,0100
831,0100,-39.2,0,2.4,0.997,0100,,,0100
832,0100,-39.0,0,2.0,0.996,0100,,,0100
833,0100,-48.8,0,2.6,0.997,0100,,,0100
834,0100,-48.8,0,1.9,0.997,0100,,,0100
835,0100,-48.8,0,1.8,0.997,0100,,,0100
836,0100,-48.8,0,1.4,0.999,01000,,,01000
837,0100,-48.8,0,1.5,0.999,01000,,,01000
838,0100,-48.8,0,1.4,0.999,01000,,,01000
839,0100,-48.8,0,1.5,0.999,01000,,,01000
840,0100,-48.8,0,1.4,0.999,01000,,,01000
841,0100,-48.8,0,1.4,0.999,01000,,,01000
842,0100,-48.8,0,2.6,0.998,01000,,,01000
843,0100,-48.8,0,2.4,1.000,01000,,,01000
844,0100,-48.8,0,2.4,1.000,01000,,,01000
845,0100,-48.8,0,2.2,1.000,01000,,,01000
846,0100,-48.8,0,2.3,1.000,01000,,,01000
847,0100,-48.8,0,1.8,1.000,01000,,,01000
848,0100,-48.8,0,2.0,0.955,01000,,,01000
849,0100,-48.8,0,2.1,0.823,01000,,,01000
850,0100,-48.8,0,2.1,0.516,01000,,,01000
851,01000,-48.8,0,2.5,0.769,01000,,,01000
852,01000,-48.8,0,1.7,0.924,01000,,,01000
853,01000,-48.8,0,1.8,0.979,01000,,,01000
854,01000,-48.8,0,3.2,0.942,0100,2.095,2.095,0100
855,01000,-48.8,0,2.2,0.849,0100,2.091,2.091,0100
856,01000,-48.9,0,2.0,0.656,0100,2.091,2.091,0100
857,0100,-48.9,0,1.9,0.545,01001,,,01001
858,01001,-48.9,0,2.0,0.667,01001,,,01001
859,01001,-48.9,0,1.9,0.892,01001,,,01001
860,01001,-48.9,0,1.6,0.969,01001,,,01001
861,01001,-48.9,0,1.8,0.992,01001,,,01001
862,01001,-48.9,0,1.6,0.997,01001,,,01001
863,01001,-48.9,0,1.0,0.998,01001,,,01001
864,01001,-48.9,0,1.0,0.997,01001,,,01001
865,01001,-48.9,0,0.9,0.997,01001,,,01001
866,01001,-48.9,0,0.7,0.997,01001,,,01001
867,01001,-48.9,0,0.9,0.995,01001,,,01001
868,01001,-48.9,0,0.9,0.995,01001,,,01001
869,01001,-48.9,0,0.7,0.994,01001,,,01001
870,01001,-48.9,0,0.7,0.994,01001,,,01001
871,01001,-48.9,0,0.8,0.993,01001,,,01001
872,01001,-48.9,0,0.7,0.991,01001,,,01001
