frame,branch,s,px,py,pz,fx,fy,fz,rx,ry,rz,roll_deg
1,0,5.00,0.056,-78.985,-0.249,-0.001,1.000,-0.001,1.000,0.001,0.007,0.4
2,0,5.50,0.049,-78.488,-0.313,-0.004,1.000,0.000,1.000,0.004,0.006,0.4
3,0,6.00,0.015,-77.993,-0.386,-0.007,1.000,0.002,1.000,0.007,0.010,0.6
4,0,6.51,-0.002,-77.493,-0.428,-0.011,1.000,0.006,1.000,0.011,0.008,0.4
5,0,7.01,0.015,-76.993,-0.469,-0.015,1.000,0.010,1.000,0.015,-0.002,-0.1
6,0,7.51,0.032,-76.493,-0.509,-0.019,1.000,0.016,1.000,0.019,-0.008,-0.5
7,0,8.01,0.049,-75.992,-0.549,-0.025,0.999,0.021,1.000,0.025,-0.003,-0.2
8,0,8.52,0.066,-75.492,-0.584,-0.030,0.999,0.028,1.000,0.030,0.006,0.3
9,0,9.02,0.082,-74.990,-0.572,-0.035,0.999,0.037,0.999,0.035,0.010,0.5
10,0,9.52,0.094,-74.488,-0.562,-0.039,0.998,0.046,0.999,0.038,0.010,0.5
11,0,10.02,0.058,-73.987,-0.551,-0.041,0.998,0.055,0.999,0.040,0.027,1.4
12,0,10.52,0.073,-73.489,-0.488,-0.043,0.997,0.065,0.999,0.041,0.028,1.5
13,0,11.03,0.089,-72.988,-0.475,-0.044,0.996,0.076,0.998,0.042,0.037,1.9
14,0,11.53,0.155,-72.505,-0.355,-0.046,0.995,0.085,0.998,0.042,0.042,2.2
15,0,12.03,0.118,-72.004,-0.346,-0.046,0.994,0.095,0.998,0.042,0.046,2.4
16,0,12.53,0.077,-71.507,-0.286,-0.046,0.993,0.105,0.998,0.041,0.048,2.5
17,0,13.04,-0.014,-71.013,-0.279,-0.044,0.992,0.114,0.998,0.039,0.045,2.3
18,0,13.54,-0.106,-70.520,-0.273,-0.042,0.992,0.123,0.999,0.038,0.037,1.9
19,0,14.04,-0.198,-70.026,-0.268,-0.038,0.991,0.132,0.999,0.033,0.038,1.9
20,0,14.54,-0.245,-69.530,-0.212,-0.034,0.990,0.139,0.999,0.030,0.028,1.3
21,0,15.05,-0.283,-69.029,-0.198,-0.030,0.989,0.146,0.999,0.025,0.032,1.6
22,0,15.55,-0.324,-68.532,-0.142,-0.026,0.988,0.150,0.999,0.022,0.029,1.4
23,0,16.05,-0.410,-68.038,-0.130,-0.023,0.988,0.152,1.000,0.019,0.022,1.1
24,0,16.55,-0.413,-67.549,-0.028,-0.020,0.988,0.152,1.000,0.017,0.021,1.0
25,0,17.05,-0.401,-67.061,0.091,-0.018,0.989,0.148,1.000,0.015,0.026,1.3
26,0,17.56,-0.389,-66.574,0.210,-0.018,0.990,0.141,0.999,0.014,0.032,1.7
27,0,18.06,-0.376,-66.086,0.329,-0.019,0.991,0.132,0.999,0.014,0.035,1.9
28,0,18.56,-0.364,-65.598,0.448,-0.020,0.993,0.120,0.999,0.016,0.034,1.8
29,0,19.06,-0.308,-65.127,0.612,-0.023,0.994,0.106,0.999,0.019,0.042,2.3
30,0,19.57,-0.286,-64.643,0.740,-0.026,0.996,0.091,0.999,0.022,0.043,2.4
31,0,20.07,-0.274,-64.155,0.860,-0.029,0.997,0.075,0.999,0.026,0.045,2.4
32,0,20.57,-0.262,-63.668,0.979,-0.033,0.998,0.059,0.999,0.030,0.041,2.3
33,0,21.07,-0.292,-63.173,1.052,-0.036,0.998,0.044,0.999,0.034,0.040,2.2
34,0,21.57,-0.333,-62.676,1.114,-0.038,0.999,0.030,0.999,0.037,0.038,2.1
35,0,22.08,-0.330,-62.178,1.178,-0.041,0.999,0.017,0.998,0.040,0.042,2.4
36,0,22.58,-0.316,-61.680,1.243,-0.044,0.999,0.005,0.998,0.044,0.043,2.5
37,0,23.08,-0.343,-61.180,1.263,-0.047,0.999,-0.006,0.998,0.048,0.038,2.2
38,0,23.58,-0.379,-60.681,1.232,-0.050,0.999,-0.015,0.998,0.050,0.027,1.6
39,0,24.09,-0.415,-60.182,1.188,-0.052,0.998,-0.022,0.998,0.053,0.036,2.1
40,0,24.59,-0.450,-59.683,1.145,-0.053,0.998,-0.028,0.998,0.054,0.025,1.5
41,0,25.09,-0.486,-59.183,1.102,-0.053,0.998,-0.032,0.998,0.054,0.016,1.0
42,0,25.59,-0.519,-58.688,1.031,-0.052,0.998,-0.034,0.999,0.052,0.011,0.7
43,0,26.10,-0.552,-58.195,0.939,-0.050,0.998,-0.035,0.999,0.051,0.009,0.6
44,0,26.60,-0.585,-57.700,0.867,-0.048,0.998,-0.036,0.999,0.048,0.011,0.7
45,0,27.10,-0.621,-57.201,0.824,-0.044,0.998,-0.036,0.999,0.045,0.001,0.2
46,0,27.60,-0.641,-56.701,0.781,-0.041,0.998,-0.036,0.999,0.041,-0.012,-0.6
47,0,28.10,-0.636,-56.201,0.740,-0.038,0.999,-0.036,0.999,0.037,-0.025,-1.4
48,0,28.61,-0.672,-55.702,0.706,-0.034,0.999,-0.035,0.999,0.033,-0.034,-1.9
49,0,29.11,-0.711,-55.201,0.715,-0.029,0.999,-0.034,0.999,0.028,-0.036,-2.0
50,0,29.61,-0.749,-54.700,0.723,-0.025,0.999,-0.035,0.999,0.024,-0.028,-1.5
51,0,30.11,-0.788,-54.200,0.731,-0.021,0.999,-0.036,0.999,0.020,-0.028,-1.5
52,0,30.62,-0.826,-53.699,0.739,-0.017,0.999,-0.038,0.999,0.016,-0.032,-1.8
53,0,31.12,-0.864,-53.198,0.743,-0.012,0.999,-0.041,1.000,0.011,-0.023,-1.3
54,0,31.62,-0.899,-52.699,0.700,-0.007,0.999,-0.042,1.000,0.006,-0.025,-1.4
55,0,32.12,-0.935,-52.200,0.656,-0.002,0.999,-0.043,1.000,0.001,-0.028,-1.6
56,0,32.62,-0.919,-51.698,0.667,0.002,0.999,-0.045,0.999,-0.003,-0.033,-1.9
57,0,33.13,-0.904,-51.196,0.678,0.006,0.999,-0.047,1.000,-0.007,-0.024,-1.4
58,0,33.63,-0.887,-50.696,0.641,0.008,0.999,-0.051,1.000,-0.009,-0.020,-1.1
59,0,34.13,-0.869,-50.195,0.600,0.010,0.999,-0.053,1.000,-0.010,-0.016,-1.0
60,0,34.63,-0.852,-49.695,0.560,0.011,0.998,-0.055,1.000,-0.012,-0.008,-0.5
61,0,35.14,-0.835,-49.195,0.520,0.012,0.998,-0.057,1.000,-0.014,-0.020,-1.2
62,0,35.64,-0.818,-48.694,0.479,0.014,0.998,-0.059,1.000,-0.015,-0.017,-1.0
63,0,36.14,-0.802,-48.193,0.473,0.014,0.998,-0.062,1.000,-0.015,-0.019,-1.1
64,0,36.64,-0.752,-47.694,0.486,0.013,0.998,-0.065,1.000,-0.014,-0.017,-1.0
65,0,37.14,-0.746,-47.196,0.466,0.013,0.998,-0.069,0.999,-0.015,-0.028,-1.7
66,0,37.65,-0.752,-46.696,0.424,0.013,0.997,-0.072,0.999,-0.016,-0.038,-2.2
67,0,38.15,-0.761,-46.196,0.382,0.014,0.997,-0.074,0.999,-0.017,-0.042,-2.5
68,0,38.65,-0.773,-45.696,0.340,0.016,0.997,-0.075,0.999,-0.018,-0.026,-1.6
69,0,39.15,-0.756,-45.196,0.300,0.018,0.997,-0.076,0.999,-0.020,-0.027,-1.6
70,0,39.66,-0.740,-44.695,0.277,0.020,0.997,-0.076,0.999,-0.022,-0.031,-1.9
71,0,40.16,-0.723,-44.194,0.272,0.022,0.997,-0.077,0.999,-0.025,-0.038,-2.3
72,0,40.66,-0.706,-43.693,0.232,0.024,0.997,-0.077,0.999,-0.027,-0.034,-2.0
73,0,41.16,-0.699,-43.194,0.181,0.028,0.997,-0.076,0.998,-0.032,-0.046,-2.8
74,0,41.67,-0.726,-42.701,0.095,0.034,0.997,-0.076,0.999,-0.036,-0.036,-2.2
75,0,42.17,-0.709,-42.200,0.055,0.039,0.996,-0.075,0.999,-0.041,-0.031,-2.0
76,0,42.67,-0.692,-41.700,0.015,0.044,0.996,-0.075,0.998,-0.047,-0.037,-2.3
77,0,43.17,-0.674,-41.200,-0.026,0.049,0.996,-0.075,0.998,-0.052,-0.037,-2.4
78,0,43.67,-0.657,-40.699,-0.066,0.054,0.996,-0.075,0.997,-0.058,-0.051,-3.2
79,0,44.18,-0.684,-40.206,-0.151,0.060,0.995,-0.075,0.997,-0.064,-0.052,-3.2
80,0,44.68,-0.677,-39.707,-0.202,0.067,0.995,-0.074,0.996,-0.070,-0.047,-3.0
81,0,45.18,-0.660,-39.207,-0.242,0.075,0.995,-0.073,0.996,-0.078,-0.044,-2.8
82,0,45.68,-0.643,-38.706,-0.283,0.082,0.994,-0.072,0.996,-0.085,-0.036,-2.4
83,0,46.19,-0.593,-38.208,-0.289,0.090,0.993,-0.072,0.995,-0.092,-0.026,-1.9
84,0,46.69,-0.555,-37.709,-0.307,0.098,0.993,-0.070,0.995,-0.100,-0.030,-2.1
85,0,47.19,-0.538,-37.208,-0.347,0.107,0.992,-0.069,0.993,-0.109,-0.033,-2.3
86,0,47.69,-0.496,-36.709,-0.362,0.116,0.991,-0.067,0.992,-0.119,-0.042,-2.8
87,0,48.19,-0.450,-36.211,-0.371,0.125,0.990,-0.066,0.991,-0.128,-0.036,-2.5
88,0,48.70,-0.394,-35.715,-0.390,0.135,0.989,-0.065,0.989,-0.138,-0.047,-3.2
89,0,49.20,-0.291,-35.226,-0.405,0.143,0.988,-0.064,0.988,-0.146,-0.044,-3.1
90,0,49.70,-0.223,-34.735,-0.480,0.150,0.987,-0.063,0.987,-0.154,-0.055,-3.7
91,0,50.20,-0.155,-34.239,-0.517,0.155,0.986,-0.062,0.986,-0.159,-0.052,-3.5
92,0,50.71,-0.089,-33.742,-0.556,0.160,0.985,-0.060,0.986,-0.162,-0.046,-3.2
93,0,51.21,-0.071,-33.248,-0.644,0.163,0.985,-0.057,0.985,-0.166,-0.048,-3.3
94,0,51.71,-0.005,-32.752,-0.683,0.166,0.985,-0.054,0.984,-0.169,-0.055,-3.7
95,0,52.21,0.064,-32.256,-0.720,0.167,0.985,-0.052,0.984,-0.169,-0.056,-3.7
96,0,52.72,0.172,-31.767,-0.754,0.165,0.985,-0.049,0.984,-0.168,-0.052,-3.5
97,0,53.22,0.289,-31.280,-0.787,0.161,0.986,-0.046,0.986,-0.163,-0.043,-2.9
98,0,53.72,0.376,-30.787,-0.823,0.157,0.987,-0.043,0.987,-0.158,-0.033,-2.3
99,0,54.22,0.471,-30.295,-0.831,0.150,0.988,-0.041,0.988,-0.151,-0.037,-2.5
100,0,54.72,0.590,-29.807,-0.815,0.142,0.989,-0.039,0.989,-0.144,-0.044,-2.9
101,0,55.23,0.707,-29.320,-0.818,0.135,0.990,-0.036,0.990,-0.136,-0.043,-2.8
102,0,55.73,0.838,-28.836,-0.836,0.125,0.992,-0.034,0.991,-0.126,-0.036,-2.3
103,0,56.23,0.993,-28.359,-0.827,0.114,0.993,-0.032,0.992,-0.115,-0.043,-2.7
104,0,56.73,1.110,-27.872,-0.861,0.103,0.994,-0.030,0.994,-0.104,-0.034,-2.1
105,0,57.24,1.227,-27.385,-0.894,0.091,0.995,-0.026,0.995,-0.092,-0.029,-1.8
106,0,57.74,1.297,-26.889,-0.931,0.080,0.997,-0.022,0.996,-0.081,-0.034,-2.1
107,0,58.24,1.319,-26.389,-0.971,0.071,0.997,-0.017,0.997,-0.071,-0.019,-1.1
108,0,58.74,1.380,-25.891,-0.965,0.062,0.998,-0.013,0.998,-0.063,-0.021,-1.3
109,0,59.24,1.405,-25.390,-0.953,0.054,0.998,-0.009,0.998,-0.054,-0.017,-1.0
110,0,59.75,1.422,-24.889,-0.982,0.046,0.999,-0.004,0.999,-0.046,-0.018,-1.1
111,0,60.25,1.439,-24.389,-1.023,0.039,0.999,0.000,0.999,-0.039,-0.018,-1.0
112,0,60.75,1.419,-23.888,-1.030,0.033,0.999,0.006,0.999,-0.033,-0.019,-1.1
113,0,61.25,1.416,-23.387,-1.020,0.027,1.000,0.011,0.999,-0.027,-0.024,-1.4
114,0,61.76,1.400,-22.887,-1.043,0.022,1.000,0.017,1.000,-0.021,-0.019,-1.0
115,0,62.26,1.363,-22.386,-1.057,0.017,1.000,0.024,0.999,-0.016,-0.028,-1.6
116,0,62.76,1.384,-21.890,-1.016,0.012,0.999,0.030,0.999,-0.011,-0.033,-1.9
117,0,63.26,1.424,-21.392,-0.979,0.006,0.999,0.036,0.999,-0.005,-0.039,-2.2
118,0,63.76,1.413,-20.892,-0.996,0.001,0.999,0.042,0.999,0.001,-0.047,-2.7
119,0,64.27,1.401,-20.391,-1.014,-0.005,0.999,0.049,0.999,0.007,-0.052,-3.0
120,0,64.77,1.416,-19.891,-0.980,-0.010,0.998,0.055,0.998,0.013,-0.058,-3.3
121,0,65.27,1.431,-19.392,-0.938,-0.016,0.998,0.060,0.998,0.019,-0.058,-3.4
122,0,65.77,1.447,-18.890,-0.927,-0.022,0.998,0.064,0.999,0.025,-0.048,-2.8
123,0,66.28,1.462,-18.389,-0.895,-0.028,0.997,0.067,0.998,0.031,-0.046,-2.8
124,0,66.78,1.477,-17.890,-0.850,-0.034,0.997,0.068,0.999,0.037,-0.040,-2.5
125,0,67.28,1.474,-17.388,-0.840,-0.039,0.997,0.071,0.999,0.042,-0.030,-1.9
126,0,67.78,1.436,-16.888,-0.832,-0.043,0.996,0.074,0.998,0.046,-0.032,-2.0
127,0,68.29,1.413,-16.388,-0.807,-0.046,0.996,0.078,0.998,0.048,-0.027,-1.8
128,0,68.79,1.411,-15.890,-0.743,-0.048,0.996,0.081,0.999,0.050,-0.020,-1.4
129,0,69.29,1.370,-15.394,-0.680,-0.048,0.995,0.082,0.999,0.050,-0.013,-1.0
130,0,69.79,1.329,-14.897,-0.618,-0.048,0.995,0.084,0.999,0.049,-0.015,-1.1
131,0,70.29,1.288,-14.400,-0.556,-0.046,0.995,0.085,0.999,0.048,-0.017,-1.2
132,0,70.80,1.247,-13.903,-0.494,-0.045,0.995,0.085,0.999,0.048,-0.027,-1.8
133,0,71.30,1.206,-13.407,-0.431,-0.044,0.996,0.084,0.999,0.046,-0.027,-1.7
134,0,71.80,1.165,-12.910,-0.369,-0.043,0.996,0.082,0.998,0.046,-0.034,-2.2
135,0,72.30,1.124,-12.413,-0.307,-0.044,0.996,0.078,0.998,0.048,-0.044,-2.7
136,0,72.81,1.084,-11.916,-0.260,-0.046,0.996,0.073,0.997,0.050,-0.052,-3.2
137,0,73.31,1.046,-11.415,-0.251,-0.049,0.997,0.068,0.998,0.051,-0.035,-2.2
138,0,73.81,1.007,-10.914,-0.243,-0.052,0.997,0.063,0.998,0.055,-0.043,-2.7
139,0,74.31,0.969,-10.413,-0.235,-0.056,0.997,0.059,0.997,0.058,-0.045,-2.8
140,0,74.81,0.930,-9.913,-0.216,-0.060,0.997,0.054,0.997,0.063,-0.048,-2.9
141,0,75.32,0.900,-9.417,-0.153,-0.065,0.997,0.049,0.996,0.067,-0.050,-3.1
142,0,75.82,0.914,-8.919,-0.088,-0.070,0.997,0.043,0.996,0.073,-0.053,-3.2
143,0,76.32,0.928,-8.421,-0.023,-0.076,0.996,0.037,0.995,0.078,-0.055,-3.3
144,0,76.82,0.943,-7.922,0.032,-0.083,0.996,0.031,0.995,0.084,-0.052,-3.1
145,0,77.33,0.958,-7.421,0.051,-0.096,0.995,0.024,0.995,0.096,-0.039,-2.3
146,0,77.83,0.972,-6.923,0.116,-0.114,0.993,0.014,0.993,0.115,-0.037,-2.2
147,0,78.33,0.980,-6.425,0.173,-0.138,0.990,0.004,0.990,0.138,-0.032,-1.8
148,0,78.83,0.941,-5.924,0.182,-0.164,0.986,-0.007,0.986,0.164,-0.039,-2.2
149,0,79.34,0.903,-5.423,0.190,-0.193,0.981,-0.017,0.981,0.192,-0.038,-2.0
150,0,79.84,0.857,-4.924,0.194,-0.224,0.974,-0.026,0.974,0.223,-0.039,-1.9
151,0,80.34,0.719,-4.444,0.146,-0.255,0.966,-0.034,0.967,0.254,-0.034,-1.4
152,0,80.84,0.632,-3.951,0.100,-0.287,0.957,-0.040,0.958,0.286,-0.031,-1.1
153,0,81.34,0.544,-3.459,0.054,-0.320,0.946,-0.044,0.947,0.319,-0.033,-1.0
154,0,81.85,0.452,-2.965,0.054,-0.352,0.935,-0.048,0.936,0.351,-0.024,-0.3
155,0,82.35,0.351,-2.474,0.037,-0.384,0.922,-0.051,0.923,0.383,-0.028,-0.4
156,0,82.85,0.244,-1.984,0.005,-0.415,0.908,-0.053,0.910,0.414,-0.029,-0.3
157,0,83.35,0.172,-1.490,0.002,-0.445,0.894,-0.056,0.896,0.444,-0.022,0.3
158,0,83.85,0.111,-0.994,-0.001,-0.474,0.878,-0.058,0.880,0.475,-0.008,1.4
159,0,84.35,0.055,-0.497,-0.001,-0.503,0.862,-0.060,0.864,0.503,-0.013,1.3
160,00,0.00,0.000,0.000,0.000,-0.531,0.845,-0.062,0.847,0.531,-0.013,-6.0
161,00,0.50,-0.367,0.331,-0.090,-0.552,0.832,-0.061,0.834,0.552,-0.011,-5.8
162,00,1.00,-0.733,0.663,-0.179,-0.568,0.821,-0.058,0.823,0.568,-0.010,-5.6
163,00,1.51,-1.096,0.999,-0.263,-0.578,0.814,-0.053,0.816,0.578,-0.024,-6.2
164,00,2.01,-1.445,1.355,-0.322,-0.584,0.810,-0.048,0.812,0.583,-0.024,-6.0
165,00,2.51,-1.800,1.707,-0.366,-0.586,0.809,-0.041,0.810,0.586,-0.025,-5.9
166,00,3.01,-2.160,2.057,-0.398,-0.585,0.810,-0.034,0.811,0.585,-0.014,-5.2
167,00,3.52,-2.516,2.407,-0.452,-0.582,0.813,-0.026,0.813,0.581,-0.025,-5.7
168,00,4.02,-2.873,2.756,-0.478,-0.578,0.816,-0.018,0.816,0.577,-0.032,-5.9
169,00,4.52,-3.234,3.104,-0.450,-0.571,0.821,-0.010,0.820,0.570,-0.039,-6.2
170,00,5.02,-3.567,3.479,-0.460,-0.564,0.826,-0.001,0.825,0.563,-0.039,-6.0
171,00,5.52,-3.900,3.855,-0.470,-0.556,0.831,0.008,0.830,0.556,-0.046,-6.2
172,00,6.03,-4.216,4.243,-0.499,-0.548,0.836,0.017,0.835,0.548,-0.048,-6.2
173,00,6.53,-4.515,4.644,-0.540,-0.542,0.840,0.028,0.839,0.542,-0.053,-6.2
174,00,7.03,-4.820,5.043,-0.548,-0.536,0.843,0.038,0.842,0.537,-0.052,-5.9
175,00,7.53,-5.125,5.442,-0.556,-0.532,0.846,0.049,0.845,0.533,-0.042,-5.0
176,00,8.03,-5.404,5.859,-0.562,-0.528,0.847,0.060,0.846,0.531,-0.049,-5.2
177,00,8.54,-5.679,6.278,-0.538,-0.527,0.847,0.071,0.847,0.530,-0.036,-4.1
178,00,9.04,-5.938,6.705,-0.494,-0.526,0.846,0.084,0.847,0.530,-0.034,-3.7
179,00,9.54,-6.158,7.154,-0.467,-0.528,0.844,0.097,0.845,0.533,-0.032,-3.3
180,00,10.04,-6.351,7.617,-0.451,-0.533,0.839,0.109,0.842,0.538,-0.024,-2.6
181,00,10.55,-6.547,8.077,-0.400,-0.541,0.833,0.120,0.837,0.547,-0.028,-2.5
182,00,11.05,-6.753,8.532,-0.351,-0.550,0.825,0.130,0.830,0.557,-0.025,-2.2
183,00,11.55,-6.997,8.968,-0.305,-0.560,0.817,0.138,0.823,0.568,-0.020,-1.9
184,00,12.05,-7.274,9.384,-0.264,-0.570,0.808,0.146,0.815,0.579,-0.022,-1.9
185,00,12.55,-7.475,9.833,-0.163,-0.582,0.799,0.152,0.807,0.591,-0.016,-1.6
186,00,13.06,-7.715,10.264,-0.067,-0.595,0.788,0.157,0.796,0.605,-0.023,-2.0
187,00,13.56,-7.955,10.701,-0.013,-0.609,0.777,0.161,0.784,0.620,-0.022,-2.1
188,00,14.06,-8.225,11.116,0.065,-0.624,0.764,0.163,0.773,0.634,-0.016,-1.9
189,00,14.56,-8.525,11.509,0.150,-0.638,0.752,0.164,0.763,0.647,0.000,-1.1
190,00,15.07,-8.838,11.893,0.232,-0.652,0.741,0.164,0.752,0.659,0.012,-0.5
191,00,15.57,-9.151,12.277,0.314,-0.665,0.729,0.162,0.740,0.673,0.008,-1.0
192,00,16.07,-9.465,12.660,0.398,-0.679,0.717,0.160,0.727,0.686,0.011,-1.0
193,00,16.57,-9.776,13.016,0.567,-0.692,0.705,0.155,0.715,0.699,0.016,-0.9
194,00,17.07,-10.087,13.372,0.737,-0.705,0.693,0.149,0.702,0.712,0.007,-1.6
195,00,17.58,-10.429,13.711,0.871,-0.718,0.682,0.142,0.690,0.723,0.018,-1.2
196,00,18.08,-10.794,14.042,0.971,-0.730,0.671,0.134,0.679,0.734,0.025,-1.0
197,00,18.58,-11.158,14.380,1.041,-0.740,0.660,0.126,0.668,0.743,0.030,-0.9
198,00,19.08,-11.523,14.718,1.110,-0.750,0.651,0.118,0.658,0.753,0.028,-1.2
199,00,19.58,-11.887,15.057,1.179,-0.759,0.642,0.110,0.649,0.760,0.034,-1.0
200,00,20.09,-12.252,15.395,1.249,-0.767,0.634,0.103,0.640,0.768,0.039,-0.8
201,00,20.59,-12.616,15.734,1.318,-0.774,0.626,0.096,0.632,0.773,0.051,-0.1
202,00,21.09,-13.015,16.032,1.376,-0.780,0.619,0.089,0.624,0.780,0.047,-0.5
203,00,21.59,-13.418,16.327,1.434,-0.785,0.614,0.083,0.618,0.785,0.042,-0.8
204,00,22.10,-13.819,16.624,1.481,-0.789,0.609,0.077,0.613,0.789,0.046,-0.6
205,00,22.60,-14.219,16.928,1.498,-0.793,0.605,0.073,0.608,0.792,0.045,-0.7
206,00,23.10,-14.618,17.232,1.515,-0.796,0.601,0.070,0.605,0.795,0.055,-0.2
207,00,23.60,-15.029,17.521,1.526,-0.799,0.598,0.069,0.601,0.797,0.058,-0.0
208,00,24.10,-15.448,17.796,1.547,-0.800,0.595,0.069,0.599,0.799,0.049,-0.6
209,00,24.61,-15.869,18.065,1.597,-0.802,0.593,0.071,0.597,0.801,0.048,-0.6
210,00,25.11,-16.290,18.334,1.648,-0.803,0.592,0.073,0.595,0.803,0.032,-1.5
211,00,25.61,-16.709,18.610,1.664,-0.803,0.591,0.076,0.595,0.803,0.038,-1.2
212,00,26.11,-17.127,18.888,1.672,-0.803,0.591,0.080,0.594,0.803,0.034,-1.4
213,00,26.62,-17.540,19.172,1.682,-0.803,0.590,0.085,0.595,0.803,0.035,-1.3
214,00,27.12,-17.940,19.476,1.699,-0.803,0.590,0.090,0.594,0.804,0.031,-1.6
215,00,27.62,-18.339,19.780,1.715,-0.802,0.589,0.095,0.594,0.804,0.031,-1.6
216,00,28.12,-18.739,20.083,1.732,-0.802,0.588,0.101,0.594,0.804,0.035,-1.3
217,00,28.62,-19.138,20.387,1.749,-0.802,0.587,0.107,0.593,0.804,0.041,-1.0
218,00,29.13,-19.538,20.691,1.766,-0.803,0.586,0.113,0.591,0.806,0.020,-2.2
219,00,29.63,-19.940,20.987,1.820,-0.803,0.585,0.118,0.591,0.807,0.021,-2.1
220,00,30.13,-20.341,21.286,1.854,-0.803,0.584,0.123,0.591,0.806,0.035,-1.3
221,00,30.63,-20.741,21.588,1.880,-0.803,0.582,0.128,0.590,0.806,0.039,-1.1
222,00,31.13,-21.144,21.883,1.937,-0.804,0.580,0.131,0.588,0.808,0.035,-1.3
223,00,31.64,-21.546,22.168,2.031,-0.805,0.577,0.134,0.586,0.809,0.039,-1.1
224,00,32.14,-21.948,22.452,2.129,-0.807,0.574,0.135,0.583,0.812,0.030,-1.7
225,00,32.64,-22.351,22.736,2.226,-0.810,0.570,0.136,0.578,0.816,0.024,-2.1
226,00,33.14,-22.753,23.020,2.324,-0.814,0.566,0.135,0.573,0.819,0.025,-2.0
227,00,33.65,-23.156,23.304,2.421,-0.818,0.560,0.133,0.568,0.822,0.030,-1.8
228,00,34.15,-23.558,23.594,2.496,-0.822,0.554,0.130,0.562,0.826,0.038,-1.4
229,00,34.65,-23.961,23.887,2.563,-0.827,0.547,0.127,0.556,0.830,0.044,-1.1
230,00,35.15,-24.363,24.171,2.660,-0.833,0.539,0.122,0.548,0.835,0.055,-0.5
231,00,35.65,-24.766,24.465,2.722,-0.839,0.531,0.117,0.539,0.841,0.048,-1.0
232,00,36.16,-25.168,24.753,2.802,-0.846,0.522,0.112,0.528,0.848,0.038,-1.6
233,00,36.66,-25.570,25.040,2.891,-0.853,0.512,0.106,0.518,0.854,0.048,-1.1
234,00,37.16,-25.973,25.335,2.948,-0.860,0.500,0.100,0.507,0.860,0.058,-0.6
235,00,37.66,-26.375,25.630,3.006,-0.868,0.488,0.095,0.494,0.866,0.072,0.1
236,00,38.16,-26.788,25.910,3.059,-0.876,0.474,0.091,0.481,0.873,0.080,0.5
237,00,38.67,-27.209,26.179,3.109,-0.883,0.461,0.087,0.468,0.878,0.103,1.8
238,00,39.17,-27.631,26.447,3.159,-0.891,0.447,0.085,0.454,0.884,0.112,2.2
239,00,39.67,-28.071,26.685,3.202,-0.897,0.433,0.084,0.440,0.892,0.104,1.7
240,00,40.17,-28.511,26.913,3.281,-0.904,0.420,0.083,0.427,0.898,0.108,1.9
241,00,40.68,-28.962,27.125,3.334,-0.910,0.407,0.083,0.414,0.904,0.103,1.5
242,00,41.18,-29.420,27.328,3.367,-0.915,0.394,0.085,0.401,0.910,0.108,1.7
243,00,41.68,-29.878,27.531,3.400,-0.920,0.381,0.087,0.389,0.916,0.097,0.9
244,00,42.18,-30.335,27.737,3.423,-0.925,0.369,0.090,0.377,0.921,0.096,0.8
245,00,42.68,-30.791,27.947,3.412,-0.929,0.357,0.095,0.366,0.925,0.100,0.9
246,00,43.19,-31.266,28.110,3.434,-0.933,0.347,0.099,0.355,0.931,0.084,-0.2
247,00,43.69,-31.720,28.322,3.421,-0.936,0.336,0.105,0.345,0.935,0.087,-0.2
248,00,44.19,-32.191,28.494,3.437,-0.939,0.325,0.111,0.336,0.937,0.096,0.2
249,00,44.69,-32.666,28.657,3.460,-0.942,0.315,0.118,0.326,0.940,0.096,-0.0
250,00,45.20,-33.149,28.790,3.475,-0.944,0.305,0.125,0.318,0.943,0.098,-0.2
251,00,45.70,-33.628,28.927,3.524,-0.946,0.296,0.133,0.309,0.947,0.091,-0.7
252,00,46.20,-34.102,29.077,3.595,-0.948,0.287,0.140,0.302,0.948,0.099,-0.5
253,00,46.70,-34.576,29.228,3.667,-0.949,0.278,0.148,0.294,0.951,0.094,-1.0
254,00,47.20,-35.050,29.378,3.739,-0.950,0.270,0.156,0.285,0.954,0.090,-1.5
255,00,47.71,-35.524,29.528,3.811,-0.951,0.262,0.163,0.279,0.955,0.095,-1.4
256,00,48.21,-35.998,29.670,3.888,-0.952,0.254,0.171,0.273,0.957,0.095,-1.6
257,00,48.71,-36.479,29.761,4.000,-0.952,0.247,0.178,0.268,0.958,0.102,-1.4
258,00,49.21,-36.961,29.852,4.111,-0.953,0.241,0.185,0.261,0.962,0.087,-2.5
259,00,49.71,-37.434,30.001,4.184,-0.953,0.236,0.192,0.257,0.962,0.093,-2.4
260,00,50.22,-37.903,30.139,4.298,-0.952,0.231,0.199,0.254,0.962,0.097,-2.4
261,00,50.72,-38.386,30.251,4.373,-0.952,0.229,0.205,0.254,0.962,0.104,-2.1
262,00,51.22,-38.864,30.388,4.442,-0.951,0.228,0.211,0.254,0.961,0.106,-2.1
263,00,51.72,-39.346,30.510,4.508,-0.949,0.229,0.217,0.256,0.961,0.106,-2.2
264,00,52.23,-39.830,30.607,4.599,-0.947,0.232,0.222,0.259,0.961,0.100,-2.6
265,00,52.73,-40.311,30.698,4.710,-0.944,0.238,0.227,0.266,0.958,0.103,-2.4
266,00,53.23,-40.792,30.789,4.822,-0.942,0.246,0.230,0.275,0.956,0.102,-2.4
267,00,53.73,-41.273,30.879,4.933,-0.938,0.259,0.229,0.289,0.951,0.108,-1.8
268,00,54.23,-41.751,30.966,5.058,-0.935,0.277,0.223,0.307,0.945,0.110,-1.3
269,00,54.74,-42.224,31.046,5.207,-0.930,0.300,0.212,0.323,0.942,0.087,-2.2
270,00,55.24,-42.703,31.141,5.320,-0.925,0.325,0.198,0.345,0.936,0.074,-2.3
271,00,55.75,-43.180,31.279,5.442,-0.918,0.352,0.182,0.370,0.926,0.075,-1.7
272,00,56.26,-43.660,31.357,5.603,-0.910,0.382,0.161,0.398,0.914,0.079,-0.9
273,00,56.77,-44.139,31.435,5.764,-0.900,0.413,0.138,0.426,0.901,0.081,-0.2
274,00,57.28,-44.618,31.513,5.924,-0.888,0.446,0.112,0.456,0.887,0.077,0.0
275,00,57.80,-45.096,31.638,6.055,-0.874,0.479,0.084,0.485,0.871,0.074,0.2
276,00,58.31,-45.562,31.803,6.186,-0.858,0.511,0.056,0.514,0.855,0.077,0.7
277,00,58.82,-46.020,31.994,6.306,-0.841,0.540,0.028,0.540,0.837,0.084,1.3
278,00,59.33,-46.478,32.196,6.411,-0.823,0.568,-0.001,0.566,0.821,0.074,0.7
279,00,59.84,-46.934,32.395,6.525,-0.804,0.594,-0.029,0.591,0.803,0.071,0.5
280,00,60.35,-47.375,32.627,6.640,-0.783,0.619,-0.059,0.615,0.785,0.075,0.6
281,00,60.86,-47.809,32.877,6.746,-0.763,0.641,-0.088,0.636,0.768,0.079,0.6
282,000,0.00,-48.243,33.126,6.852,-0.741,0.661,-0.118,0.656,0.750,0.085,2.9
283,000,0.50,-48.511,33.512,6.682,-0.722,0.677,-0.144,0.669,0.736,0.108,4.3
284,000,1.00,-48.779,33.899,6.512,-0.704,0.690,-0.166,0.682,0.723,0.110,4.5
285,000,1.50,-49.052,34.282,6.344,-0.690,0.700,-0.184,0.691,0.712,0.120,5.1
286,000,2.00,-49.353,34.652,6.193,-0.676,0.709,-0.199,0.699,0.703,0.130,5.6
287,000,2.50,-49.667,35.020,6.066,-0.664,0.717,-0.211,0.706,0.694,0.137,6.0
288,000,3.00,-49.957,35.401,5.921,-0.653,0.724,-0.221,0.715,0.686,0.134,5.8
289,000,3.50,-50.245,35.780,5.769,-0.643,0.731,-0.230,0.720,0.679,0.144,6.3
290,000,4.00,-50.534,36.157,5.613,-0.634,0.736,-0.236,0.723,0.673,0.156,6.9
291,000,4.50,-50.838,36.533,5.487,-0.626,0.742,-0.240,0.730,0.666,0.154,6.7
292,000,5.00,-51.165,36.897,5.386,-0.618,0.748,-0.242,0.737,0.658,0.151,6.4
293,000,5.50,-51.496,37.259,5.289,-0.610,0.754,-0.242,0.742,0.651,0.160,6.8
294,000,6.00,-51.800,37.635,5.163,-0.603,0.761,-0.240,0.749,0.644,0.159,6.5
295,000,6.50,-52.104,38.012,5.037,-0.597,0.767,-0.235,0.754,0.637,0.163,6.6
296,000,7.00,-52.402,38.387,4.895,-0.592,0.773,-0.228,0.759,0.630,0.163,6.5
297,000,7.50,-52.695,38.759,4.736,-0.588,0.779,-0.219,0.762,0.624,0.173,7.0
298,000,8.00,-52.987,39.132,4.576,-0.585,0.784,-0.207,0.768,0.617,0.169,6.7
299,000,8.50,-53.256,39.513,4.395,-0.582,0.790,-0.193,0.775,0.611,0.163,6.2
300,000,9.00,-53.517,39.896,4.212,-0.581,0.795,-0.177,0.780,0.606,0.160,5.9
301,000,9.50,-53.821,40.273,4.086,-0.580,0.799,-0.162,0.784,0.601,0.157,5.7
302,000,10.00,-54.103,40.665,3.957,-0.579,0.802,-0.145,0.781,0.597,0.183,7.2
303,000,10.50,-54.379,41.061,3.828,-0.579,0.805,-0.128,0.784,0.593,0.182,7.1
304,000,11.00,-54.650,41.461,3.698,-0.579,0.808,-0.112,0.787,0.590,0.183,7.1
305,000,11.50,-54.894,41.877,3.565,-0.580,0.809,-0.094,0.789,0.586,0.184,7.2
306,000,12.00,-55.175,42.278,3.469,-0.580,0.811,-0.076,0.790,0.583,0.189,7.5
307,000,12.50,-55.448,42.691,3.401,-0.580,0.812,-0.059,0.792,0.580,0.189,7.5
308,000,13.00,-55.714,43.113,3.369,-0.581,0.813,-0.043,0.795,0.578,0.186,7.3
309,000,13.50,-55.985,43.533,3.363,-0.582,0.813,-0.029,0.796,0.576,0.188,7.4
310,000,14.00,-56.259,43.951,3.361,-0.582,0.813,-0.016,0.796,0.574,0.191,7.6
311,000,14.50,-56.568,44.342,3.397,-0.583,0.813,-0.005,0.799,0.573,0.183,7.2
312,000,15.00,-56.844,44.759,3.398,-0.583,0.813,0.006,0.799,0.571,0.190,7.6
313,000,15.50,-57.142,45.159,3.422,-0.582,0.813,0.015,0.801,0.570,0.183,7.2
314,000,16.00,-57.435,45.562,3.461,-0.581,0.813,0.023,0.802,0.569,0.182,7.1
315,000,16.50,-57.723,45.968,3.500,-0.581,0.813,0.029,0.802,0.567,0.188,7.5
316,000,17.00,-58.031,46.361,3.531,-0.581,0.813,0.035,0.803,0.566,0.189,7.6
317,000,17.50,-58.334,46.758,3.523,-0.581,0.813,0.040,0.802,0.564,0.196,8.0
318,000,18.00,-58.643,47.150,3.556,-0.581,0.813,0.043,0.803,0.564,0.191,7.7
319,000,18.50,-58.948,47.545,3.561,-0.580,0.813,0.046,0.804,0.564,0.189,7.6
320,000,19.00,-59.239,47.951,3.577,-0.580,0.813,0.047,0.804,0.563,0.192,7.8
321,000,19.50,-59.515,48.366,3.619,-0.581,0.813,0.046,0.802,0.562,0.200,8.2
322,000,20.00,-59.791,48.781,3.660,-0.582,0.812,0.044,0.802,0.564,0.198,8.1
323,000,20.50,-60.068,49.195,3.701,-0.584,0.811,0.041,0.801,0.567,0.192,7.7
324,000,21.00,-60.344,49.610,3.742,-0.591,0.806,0.045,0.796,0.573,0.193,7.8
325,000,21.50,-60.650,50.004,3.780,-0.601,0.798,0.054,0.790,0.582,0.190,7.6
326,000,22.00,-60.937,50.411,3.819,-0.614,0.786,0.068,0.781,0.593,0.194,7.8
327,000,22.50,-61.215,50.821,3.886,-0.630,0.772,0.086,0.770,0.607,0.195,7.7
328,000,23.00,-61.491,51.232,3.938,-0.648,0.754,0.107,0.757,0.622,0.199,7.7
329,000,23.50,-61.763,51.651,3.943,-0.667,0.734,0.131,0.743,0.639,0.199,7.5
330,000,24.00,-62.042,52.064,3.984,-0.686,0.711,0.156,0.726,0.654,0.213,8.0
331,000,24.50,-62.351,52.455,4.020,-0.705,0.685,0.181,0.708,0.673,0.213,7.5
332,000,25.00,-62.660,52.847,4.057,-0.724,0.658,0.207,0.690,0.690,0.219,7.3
333,000,25.50,-62.965,53.242,4.064,-0.740,0.631,0.232,0.672,0.706,0.223,6.9
334,000,26.00,-63.269,53.639,4.057,-0.754,0.604,0.257,0.655,0.720,0.230,6.6
335,000,26.58,-63.615,54.102,4.044,-0.767,0.577,0.282,0.638,0.734,0.234,6.1
336,000,27.16,-63.960,54.564,4.016,-0.777,0.549,0.307,0.623,0.742,0.247,6.0
337,000,27.74,-64.311,55.021,3.966,-0.787,0.519,0.335,0.604,0.758,0.247,5.0
338,000,28.32,-64.674,55.468,3.931,-0.796,0.482,0.365,0.586,0.765,0.266,4.9
339,0001,0.00,-65.041,55.913,3.901,-0.804,0.438,0.401,0.564,0.775,0.284,10.9
340,0001,0.53,-65.430,55.917,4.267,-0.810,0.398,0.431,0.543,0.787,0.293,10.9
341,0001,1.07,-65.819,55.922,4.632,-0.813,0.363,0.455,0.522,0.801,0.295,10.3
342,0001,1.60,-66.230,55.937,4.972,-0.814,0.335,0.475,0.508,0.807,0.301,10.2
343,0001,2.13,-66.640,55.987,5.310,-0.813,0.313,0.491,0.499,0.810,0.308,10.2
344,0001,2.67,-67.061,56.074,5.626,-0.814,0.323,0.483,0.505,0.804,0.314,10.8
345,0001,3.20,-67.489,56.190,5.923,-0.815,0.332,0.475,0.509,0.802,0.313,10.9
346,0001,3.74,-67.933,56.299,6.196,-0.815,0.339,0.469,0.512,0.801,0.311,11.0
347,0001,4.27,-68.387,56.412,6.453,-0.816,0.345,0.464,0.511,0.805,0.300,10.3
348,0001,4.80,-68.829,56.564,6.707,-0.816,0.350,0.459,0.512,0.807,0.295,10.1
349,0001,5.34,-69.256,56.779,6.945,-0.817,0.355,0.455,0.517,0.801,0.303,10.7
350,0001,5.87,-69.675,57.043,7.144,-0.817,0.358,0.452,0.515,0.807,0.291,9.9
351,0001,6.40,-70.076,57.334,7.342,-0.817,0.361,0.449,0.517,0.805,0.292,10.0
352,0001,6.94,-70.489,57.607,7.540,-0.817,0.364,0.447,0.519,0.801,0.297,10.4
353,0001,6.39,-70.065,57.326,7.336,-0.817,0.366,0.444,0.518,0.806,0.288,9.8
354,0001,5.84,-69.652,57.028,7.133,-0.818,0.368,0.443,0.518,0.805,0.287,9.8
355,0001,5.29,-69.221,56.758,6.927,-0.818,0.370,0.441,0.520,0.804,0.289,10.0
356,0001,4.74,-68.781,56.541,6.680,-0.818,0.371,0.440,0.520,0.804,0.288,9.9
357,0001,4.19,-68.324,56.393,6.416,-0.818,0.373,0.439,0.519,0.807,0.282,9.5
358,0001,3.65,-67.856,56.283,6.153,-0.818,0.374,0.438,0.518,0.810,0.276,9.1
359,0001,3.10,-67.404,56.166,5.866,-0.818,0.374,0.437,0.520,0.805,0.284,9.7
360,0001,2.55,-66.966,56.053,5.556,-0.818,0.375,0.436,0.517,0.811,0.272,8.9
361,0001,2.00,-66.537,55.973,5.224,-0.818,0.376,0.436,0.516,0.814,0.266,8.5
362,0001,1.50,-66.151,55.934,4.910,-0.818,0.376,0.435,0.517,0.813,0.268,8.7
363,0001,1.00,-65.770,55.921,4.586,-0.818,0.377,0.435,0.518,0.810,0.273,9.0
364,0001,0.50,-65.406,55.917,4.244,-0.818,0.377,0.435,0.520,0.807,0.279,9.4
365,000,28.89,-65.041,55.913,3.901,-0.811,0.456,0.366,0.559,0.787,0.259,3.6
366,000,28.39,-64.719,55.523,3.928,-0.798,0.521,0.303,0.594,0.765,0.249,5.4
367,000,27.88,-64.396,55.132,3.954,-0.781,0.573,0.247,0.623,0.744,0.244,6.9
368,000,27.37,-64.092,54.729,4.002,-0.763,0.616,0.197,0.646,0.727,0.232,7.4
369,000,26.86,-63.778,54.331,4.033,-0.744,0.650,0.153,0.667,0.711,0.225,7.8
370,000,26.36,-63.483,53.919,4.051,-0.727,0.677,0.116,0.683,0.695,0.224,8.4
371,000,25.85,-63.175,53.516,4.059,-0.710,0.700,0.083,0.698,0.682,0.217,8.5
372,000,25.34,-62.867,53.113,4.067,-0.694,0.717,0.055,0.711,0.672,0.207,8.1
373,000,24.83,-62.555,52.714,4.045,-0.681,0.732,0.032,0.720,0.660,0.214,8.7
374,000,24.33,-62.241,52.317,4.007,-0.668,0.744,0.011,0.728,0.651,0.217,9.1
375,000,23.82,-61.937,51.913,3.969,-0.658,0.753,-0.006,0.736,0.644,0.211,8.8
376,000,23.31,-61.658,51.491,3.934,-0.648,0.761,-0.021,0.742,0.638,0.206,8.6
377,000,22.80,-61.383,51.065,3.939,-0.640,0.768,-0.033,0.747,0.632,0.205,8.5
378,000,22.30,-61.099,50.654,3.849,-0.633,0.773,-0.044,0.753,0.628,0.197,8.1
379,000,21.79,-60.818,50.234,3.802,-0.627,0.777,-0.053,0.755,0.623,0.205,8.6
380,000,21.28,-60.513,49.831,3.763,-0.621,0.781,-0.060,0.756,0.618,0.215,9.2
381,000,20.77,-60.218,49.420,3.724,-0.617,0.784,-0.067,0.757,0.615,0.221,9.5
382,000,20.27,-59.937,49.000,3.682,-0.613,0.787,-0.072,0.759,0.612,0.221,9.5
383,000,19.76,-59.657,48.579,3.640,-0.610,0.789,-0.077,0.760,0.609,0.226,9.8
384,000,19.25,-59.376,48.158,3.598,-0.607,0.791,-0.081,0.761,0.607,0.230,10.0
385,000,18.75,-59.095,47.738,3.558,-0.604,0.792,-0.084,0.760,0.605,0.237,10.4
386,000,18.24,-58.787,47.335,3.565,-0.602,0.794,-0.087,0.760,0.603,0.241,10.7
387,000,17.73,-58.475,46.936,3.536,-0.600,0.795,-0.090,0.759,0.602,0.248,11.1
388,000,17.22,-58.164,46.536,3.527,-0.599,0.796,-0.092,0.761,0.601,0.245,10.9
389,000,16.72,-57.854,46.135,3.516,-0.598,0.796,-0.094,0.763,0.601,0.240,10.6
390,000,16.21,-57.548,45.732,3.478,-0.596,0.797,-0.095,0.762,0.600,0.243,10.8
391,000,15.70,-57.264,45.314,3.436,-0.596,0.798,-0.096,0.762,0.599,0.245,10.9
392,000,15.19,-56.951,44.917,3.399,-0.595,0.798,-0.098,0.762,0.598,0.249,11.1
393,000,14.69,-56.673,44.493,3.401,-0.594,0.798,-0.098,0.763,0.598,0.245,10.9
394,000,14.18,-56.368,44.089,3.374,-0.593,0.799,-0.099,0.763,0.598,0.245,10.9
395,000,13.67,-56.077,43.675,3.361,-0.593,0.799,-0.100,0.766,0.598,0.234,10.2
396,000,13.16,-55.802,43.248,3.367,-0.593,0.799,-0.100,0.765,0.597,0.242,10.7
397,000,12.66,-55.529,42.821,3.386,-0.592,0.799,-0.101,0.766,0.597,0.239,10.5
398,000,12.15,-55.259,42.395,3.442,-0.592,0.800,-0.101,0.766,0.597,0.236,10.3
399,000,11.64,-54.968,41.990,3.535,-0.592,0.800,-0.102,0.766,0.597,0.239,10.5
400,000,11.13,-54.714,41.571,3.663,-0.591,0.800,-0.102,0.767,0.597,0.235,10.3
401,000,10.63,-54.448,41.160,3.796,-0.591,0.800,-0.102,0.765,0.596,0.244,10.8
402,000,10.12,-54.168,40.758,3.927,-0.591,0.800,-0.102,0.768,0.597,0.230,10.0
403,000,9.61,-53.888,40.356,4.058,-0.591,0.800,-0.103,0.766,0.597,0.239,10.5
404,000,9.10,-53.580,39.973,4.186,-0.591,0.800,-0.103,0.768,0.597,0.233,10.2
405,000,8.60,-53.304,39.586,4.358,-0.591,0.800,-0.103,0.766,0.596,0.241,10.6
406,000,8.09,-53.039,39.198,4.548,-0.591,0.800,-0.103,0.768,0.597,0.233,10.1
407,000,7.58,-52.742,38.819,4.710,-0.591,0.800,-0.103,0.767,0.597,0.235,10.3
408,000,7.07,-52.445,38.441,4.872,-0.591,0.800,-0.103,0.768,0.597,0.234,10.2
409,000,6.57,-52.144,38.061,5.021,-0.590,0.800,-0.103,0.768,0.597,0.234,10.2
410,000,6.06,-51.835,37.679,5.148,-0.590,0.800,-0.103,0.770,0.597,0.227,9.8
411,000,5.55,-51.527,37.297,5.276,-0.590,0.800,-0.103,0.769,0.597,0.229,9.9
412,000,5.04,-51.195,36.928,5.378,-0.590,0.800,-0.103,0.764,0.596,0.249,11.1
413,000,4.54,-50.860,36.561,5.478,-0.590,0.800,-0.103,0.762,0.595,0.254,11.4
414,000,4.03,-50.552,36.179,5.606,-0.590,0.801,-0.104,0.763,0.595,0.253,11.3
415,000,3.52,-50.257,35.797,5.762,-0.590,0.801,-0.104,0.762,0.595,0.256,11.5
416,000,3.01,-49.965,35.412,5.917,-0.590,0.801,-0.104,0.763,0.595,0.250,11.2
417,000,2.51,-49.671,35.025,6.064,-0.590,0.801,-0.104,0.765,0.596,0.244,10.8
418,000,2.00,-49.353,34.652,6.193,-0.590,0.801,-0.104,0.765,0.596,0.245,10.8
419,000,1.50,-49.052,34.282,6.345,-0.590,0.801,-0.104,0.762,0.595,0.255,11.4
420,000,1.00,-48.779,33.899,6.512,-0.590,0.801,-0.104,0.765,0.596,0.245,10.9
421,000,0.50,-48.511,33.512,6.682,-0.590,0.801,-0.104,0.767,0.596,0.238,10.4
422,00,61.38,-48.243,33.126,6.852,-0.703,0.711,-0.003,0.691,0.684,0.234,9.9
423,00,60.88,-47.819,32.882,6.748,-0.790,0.607,0.088,0.609,0.761,0.224,9.8
424,00,60.38,-47.395,32.639,6.645,-0.850,0.500,0.164,0.526,0.816,0.239,9.9
425,00,59.88,-46.965,32.410,6.533,-0.888,0.401,0.225,0.451,0.853,0.264,9.9
426,00,59.38,-46.519,32.213,6.421,-0.911,0.312,0.271,0.385,0.879,0.283,9.2
427,00,59.88,-46.965,32.410,6.533,-0.924,0.224,0.309,0.318,0.900,0.297,7.9
428,00,60.38,-47.395,32.639,6.645,-0.930,0.139,0.341,0.256,0.910,0.325,7.1
429,00,60.88,-47.819,32.882,6.748,-0.928,0.057,0.367,0.190,0.922,0.337,5.1
430,001,0.00,-48.243,33.126,6.852,-0.922,-0.021,0.388,0.133,0.921,0.366,9.1
431,001,0.51,-48.492,32.831,7.181,-0.912,-0.085,0.401,0.081,0.921,0.382,9.3
432,001,1.01,-48.742,32.536,7.510,-0.903,-0.138,0.407,0.039,0.917,0.397,9.5
433,001,1.52,-49.034,32.285,7.833,-0.894,-0.180,0.410,0.006,0.911,0.413,9.8
434,001,2.03,-49.376,32.069,8.138,-0.887,-0.214,0.409,-0.025,0.907,0.420,9.5
435,001,2.54,-49.729,31.845,8.425,-0.881,-0.242,0.408,-0.043,0.898,0.439,10.2
436,001,3.04,-50.098,31.615,8.685,-0.875,-0.263,0.406,-0.066,0.896,0.439,9.7
437,001,3.55,-50.480,31.380,8.921,-0.871,-0.280,0.404,-0.079,0.891,0.446,9.8
438,001,4.06,-50.895,31.194,9.146,-0.867,-0.294,0.402,-0.090,0.886,0.455,10.0
439,001,4.57,-51.315,30.969,9.320,-0.864,-0.306,0.401,-0.102,0.885,0.455,9.7
440,001,5.07,-51.735,30.743,9.494,-0.860,-0.315,0.402,-0.112,0.885,0.452,9.3
441,001,5.58,-52.163,30.545,9.677,-0.856,-0.322,0.404,-0.120,0.885,0.451,9.1
442,001,6.09,-52.598,30.341,9.838,-0.852,-0.330,0.407,-0.133,0.887,0.442,8.3
443,001,6.60,-53.028,30.117,9.987,-0.848,-0.337,0.410,-0.141,0.888,0.438,7.9
444,001,7.10,-53.451,29.892,10.152,-0.843,-0.343,0.414,-0.150,0.889,0.433,7.4
445,001,7.61,-53.886,29.669,10.288,-0.838,-0.350,0.418,-0.151,0.886,0.438,7.7
446,001,8.12,-54.306,29.443,10.462,-0.834,-0.357,0.422,-0.156,0.885,0.439,7.7
447,001,8.63,-54.729,29.291,10.694,-0.829,-0.365,0.423,-0.165,0.883,0.440,7.5
448,001,9.13,-55.160,29.120,10.897,-0.824,-0.379,0.421,-0.176,0.878,0.446,7.5
449,001,9.64,-55.589,28.958,11.114,-0.819,-0.397,0.414,-0.194,0.871,0.452,7.4
450,001,10.15,-56.013,28.815,11.352,-0.813,-0.421,0.403,-0.217,0.861,0.461,7.2
451,001,10.65,-56.437,28.672,11.591,-0.806,-0.448,0.387,-0.247,0.848,0.469,6.8
452,001,11.16,-56.861,28.529,11.830,-0.797,-0.479,0.367,-0.277,0.830,0.484,6.9
453,001,11.67,-57.286,28.386,12.068,-0.786,-0.514,0.343,-0.309,0.808,0.501,7.1
454,001,12.18,-57.693,28.177,12.284,-0.774,-0.549,0.316,-0.343,0.782,0.521,7.5
455,001,12.68,-58.092,27.973,12.520,-0.758,-0.587,0.284,-0.378,0.751,0.541,8.0
456,001,13.19,-58.488,27.785,12.777,-0.741,-0.624,0.249,-0.423,0.721,0.549,7.7
457,001,13.70,-58.883,27.596,13.031,-0.721,-0.660,0.212,-0.462,0.686,0.562,8.0
458,001,14.21,-59.271,27.333,13.225,-0.699,-0.694,0.173,-0.504,0.650,0.568,8.0
459,001,14.71,-59.657,27.088,13.445,-0.676,-0.724,0.135,-0.536,0.610,0.584,8.9
460,001,15.22,-60.041,26.838,13.662,-0.653,-0.751,0.097,-0.563,0.568,0.600,10.2
461,001,15.78,-60.465,26.536,13.878,-0.628,-0.776,0.059,-0.593,0.526,0.610,11.2
462,001,16.35,-60.891,26.214,14.059,-0.601,-0.799,0.020,-0.629,0.488,0.606,11.4
463,0010,0.00,-61.318,25.892,14.237,-0.571,-0.820,-0.020,-0.663,0.447,0.600,8.0
464,0010,0.54,-61.600,25.432,14.175,-0.543,-0.838,-0.056,-0.691,0.408,0.596,7.5
465,0010,1.09,-61.875,24.971,14.108,-0.516,-0.852,-0.089,-0.712,0.369,0.597,7.6
466,0010,1.63,-62.086,24.487,13.982,-0.491,-0.863,-0.118,-0.732,0.335,0.594,7.5
467,0010,2.17,-62.298,24.003,13.857,-0.468,-0.872,-0.144,-0.747,0.303,0.591,7.5
468,0010,2.71,-62.512,23.521,13.732,-0.446,-0.879,-0.167,-0.761,0.274,0.588,7.5
469,0010,3.26,-62.707,23.031,13.606,-0.426,-0.885,-0.188,-0.765,0.241,0.597,8.5
470,0010,3.80,-62.850,22.547,13.415,-0.410,-0.889,-0.204,-0.772,0.219,0.597,8.8
471,0010,4.34,-62.972,22.060,13.211,-0.400,-0.891,-0.213,-0.777,0.206,0.595,8.8
472,0010,4.88,-63.157,21.575,13.064,-0.391,-0.893,-0.221,-0.786,0.200,0.584,8.2
473,0010,5.43,-63.353,21.085,12.938,-0.381,-0.895,-0.231,-0.792,0.188,0.580,8.1
474,0010,5.97,-63.528,20.597,12.781,-0.373,-0.897,-0.239,-0.801,0.181,0.570,7.5
