frame,location,roll_deg,loop_closed,ms
1,0,0.0,0,1.1
2,0,0.0,0,1.2
3,0,0.0,0,1.1
4,0,0.0,0,0.9
5,0,0.0,0,0.9
6,0,0.0,0,0.9
7,0,0.0,0,0.9
8,0,0.0,0,0.9
9,0,0.0,0,1.0
10,0,0.0,0,0.9
11,0,0.0,0,1.0
12,0,0.0,0,0.9
13,0,0.0,0,0.9
14,0,0.0,0,1.0
15,0,0.0,0,1.0
16,0,0.0,0,1.0
17,0,0.0,0,0.9
18,0,0.0,0,0.9
19,0,0.0,0,0.9
20,0,0.0,0,0.8
21,0,0.0,0,0.8
22,0,0.0,0,1.0
23,0,0.0,0,0.9
24,0,0.0,0,0.8
25,0,0.0,0,0.8
26,0,0.0,0,1.0
27,0,0.0,0,0.9
28,0,0.0,0,0.9
29,0,0.0,0,1.0
30,0,0.0,0,0.9
31,0,0.0,0,0.9
32,0,0.0,0,0.9
33,0,0.0,0,0.9
34,0,0.0,0,1.1
35,0,0.0,0,0.8
36,0,0.0,0,0.9
37,0,0.0,0,1.3
38,0,0.0,0,0.9
39,0,0.0,0,0.9
40,0,0.0,0,0.8
41,0,0.0,0,0.9
42,0,0.0,0,0.9
43,0,0.0,0,0.9
44,0,0.0,0,0.9
45,0,0.0,0,0.9
46,0,0.0,0,0.9
47,0,0.0,0,0.9
48,0,0.0,0,0.8
49,0,0.0,0,0.8
50,0,0.0,0,1.0
51,0,0.0,0,0.8
52,0,0.0,0,0.9
53,0,0.0,0,0.9
54,0,0.0,0,0.9
55,0,0.0,0,0.9
56,0,0.0,0,0.9
57,0,0.0,0,0.9
58,0,0.0,0,0.9
59,0,0.0,0,1.1
60,0,0.0,0,1.1
61,0,0.0,0,0.9
62,0,0.0,0,1.0
63,0,0.0,0,1.0
64,0,0.0,0,1.0
65,0,0.0,0,1.0
66,0,0.0,0,1.1
67,0,0.0,0,1.0
68,0,0.0,0,0.7
69,0,0.0,0,0.7
70,0,0.0,0,0.8
71,0,0.0,0,0.7
72,0,0.0,0,0.9
73,0,0.0,0,0.9
74,0,0.0,0,0.9
75,0,0.0,0,0.8
76,0,0.0,0,0.8
77,0,0.0,0,0.9
78,0,0.0,0,1.0
79,0,0.0,0,0.8
80,0,0.0,0,0.9
81,0,0.0,0,1.0
82,0,0.0,0,0.9
83,0,0.0,0,0.9
84,0,0.0,0,0.9
85,0,0.0,0,0.9
86,0,0.0,0,0.9
87,0,0.0,0,1.2
88,0,0.0,0,0.9
89,0,0.0,0,0.8
90,0,0.0,0,0.9
91,0,0.0,0,0.9
92,0,0.0,0,0.8
93,0,0.0,0,0.9
94,0,0.0,0,0.9
95,0,0.0,0,0.8
96,0,0.0,0,1.1
97,0,0.0,0,0.8
98,0,0.0,0,0.8
99,0,0.0,0,0.8
100,0,0.0,0,0.8
101,0,0.0,0,1.1
102,0,0.0,0,0.8
103,0,0.0,0,0.8
104,0,0.0,0,0.8
105,0,0.0,0,0.8
106,0,0.0,0,0.9
107,0,0.0,0,0.8
108,0,0.0,0,0.8
109,0,0.0,0,0.8
110,0,0.0,0,0.8
111,0,0.0,0,0.8
112,0,0.0,0,0.9
113,0,0.0,0,0.9
114,0,0.0,0,0.9
115,0,0.0,0,1.1
116,0,0.0,0,0.9
117,0,0.0,0,0.8
118,0,0.0,0,0.8
119,0,0.0,0,0.9
120,0,0.0,0,1.0
121,0,0.0,0,0.9
122,0,0.0,0,0.9
123,0,0.0,0,1.2
124,0,0.0,0,1.0
125,0,0.0,0,0.9
126,0,0.0,0,1.0
127,0,0.0,0,1.0
128,0,0.0,0,1.0
129,0,0.0,0,0.9
130,0,0.0,0,0.8
131,0,0.0,0,0.9
132,0,0.0,0,0.8
133,0,0.0,0,0.9
134,0,0.0,0,0.8
135,0,0.0,0,0.9
136,0,0.0,0,1.0
137,0,0.0,0,0.8
138,0,0.0,0,1.0
139,0,0.0,0,0.7
140,0,0.0,0,0.9
141,0,0.0,0,1.2
142,0,0.0,0,1.0
143,0,0.0,0,0.9
144,0,0.0,0,0.9
145,0,0.0,0,0.8
146,0,0.0,0,0.8
147,0,0.0,0,0.9
148,0,0.0,0,0.8
149,0,0.0,0,0.7
150,0,0.0,0,0.7
151,0,0.0,0,0.7
152,0,0.0,0,0.9
153,0,0.0,0,0.9
154,0,0.0,0,1.0
155,0,0.0,0,1.5
156,0,0.0,0,0.9
157,0,0.0,0,1.0
158,0,0.0,0,0.9
159,0,0.0,0,0.8
160,0,0.0,0,1.2
161,0,0.0,0,1.2
162,0,0.0,0,1.0
163,0,0.0,0,1.1
164,0,0.0,0,1.1
165,0,0.0,0,1.0
166,0,0.0,0,1.0
167,0,0.0,0,0.9
168,0,0.0,0,1.0
169,0,0.0,0,1.1
170,0,0.0,0,0.7
171,0,0.0,0,0.8
172,0,0.0,0,0.8
173,0,0.0,0,0.9
174,0,0.0,0,0.9
175,0,0.0,0,0.9
176,0,0.0,0,0.8
177,0,0.0,0,0.7
178,0,0.0,0,0.7
179,0,0.0,0,0.8
180,0,0.0,0,0.8
181,0,0.0,0,0.7
182,0,0.0,0,1.0
183,0,0.0,0,1.0
184,0,0.0,0,1.0
185,0,0.0,0,1.0
186,0,0.0,0,1.0
187,0,0.0,0,0.9
188,0,0.0,0,0.9
189,0,0.0,0,1.8
190,0,0.0,0,0.7
191,0,0.0,0,0.7
192,0,0.0,0,1.1
193,0,0.0,0,1.0
194,0,0.0,0,1.0
195,0,0.0,0,0.9
196,0,0.0,0,0.9
197,0,0.0,0,1.0
198,0,0.0,0,1.1
199,0,0.0,0,1.2
200,0,0.0,0,0.9
201,0,0.0,0,0.8
202,0,0.0,0,1.0
203,0,0.0,0,1.1
204,0,0.0,0,1.1
205,0,0.0,0,1.1
206,0,0.0,0,1.1
207,0,0.0,0,1.2
208,0,0.0,0,1.4
209,0,0.0,0,0.8
210,0,0.0,0,0.8
211,0,0.0,0,0.7
212,0,0.0,0,1.2
213,0,0.0,0,0.9
214,0,0.0,0,1.6
215,0,0.0,0,1.5
216,0,0.0,0,1.8
217,0,0.0,0,1.5
218,0,0.0,0,1.4
219,0,-16.0,0,2.2
220,0,-16.1,0,1.5
221,0,-14.0,0,1.5
222,0,-14.1,0,1.6
223,0,-14.0,0,1.5
224,0,-14.3,0,1.5
225,0,-15.3,0,1.5
226,0,-16.2,0,1.6
227,0,-14.4,0,1.6
228,0,-17.6,0,2.2
229,0,-18.2,0,1.8
230,0,-18.1,0,1.7
231,0,-12.9,0,1.7
232,0,-13.8,0,1.5
233,0,-14.2,0,1.7
234,0,-13.9,0,1.5
235,0,-14.5,0,1.8
236,0,-14.6,0,1.5
237,0,-8.0,0,1.4
238,0,-9.3,0,1.6
239,0,-8.1,0,1.4
240,0,-7.7,0,1.5
241,0,-8.5,0,1.4
242,0,-8.6,0,1.4
243,0,-15.9,0,1.6
244,0,-16.1,0,1.8
245,0,-16.1,0,1.6
246,0,-17.7,0,1.7
247,0,-17.9,0,1.6
248,0,-18.1,0,1.6
249,0,-11.2,0,1.6
250,0,-11.1,0,1.5
251,0,-10.6,0,1.5
252,0,-9.4,0,1.6
253,0,-9.8,0,1.5
254,0,-9.8,0,1.6
255,0,-13.2,0,1.8
256,0,-13.3,0,1.7
257,0,-13.3,0,1.6
258,0,-11.3,0,1.6
259,0,-11.3,0,1.5
260,0,-11.4,0,1.5
261,0,-8.8,0,1.6
262,0,-8.8,0,1.5
263,0,-8.9,0,1.4
264,0,-11.9,0,1.5
265,0,-11.8,0,1.5
266,0,-11.7,0,1.6
267,0,-9.8,0,1.8
268,0,-9.8,0,1.6
269,0,-10.0,0,1.3
270,0,-6.6,0,3.2
271,0,-8.4,0,1.5
272,0,-6.1,0,1.4
273,0,-13.5,0,2.0
274,0,-11.5,0,1.5
275,0,-11.2,0,1.4
276,0,-5.7,0,1.4
277,0,-7.5,0,1.2
278,0,-5.6,0,1.2
279,0,-7.9,0,1.2
280,0,-8.9,0,1.3
281,0,-7.7,0,1.3
282,0,-7.7,0,1.2
283,0,-7.9,0,1.2
284,0,-7.5,0,1.2
285,0,-10.2,0,1.2
286,0,-10.0,0,1.4
287,0,-10.2,0,1.2
288,0,-8.9,0,1.3
289,0,-8.7,0,1.6
290,0,-8.9,0,1.3
291,0,-10.7,0,1.5
292,0,-10.2,0,1.4
293,0,-9.8,0,1.4
294,0,-8.1,0,1.3
295,0,-7.6,0,1.2
296,0,-7.5,0,1.3
297,0,-7.8,0,1.6
298,0,-6.7,0,1.3
299,0,-6.4,0,1.3
300,0,-5.7,0,1.3
301,0,-5.6,0,1.3
302,0,-5.6,0,1.9
303,0,-8.4,0,1.2
304,0,-8.8,0,1.2
305,0,-8.7,0,1.2
306,0,-10.4,0,1.2
307,0,-10.3,0,1.5
308,0,-10.4,0,1.2
309,0,-8.3,0,1.9
310,0,-8.0,0,1.8
311,0,-7.9,0,1.4
312,0,-7.2,0,1.5
313,0,-7.1,0,1.4
314,0,-7.1,0,1.3
315,0,-9.0,0,1.5
316,0,-8.8,0,1.4
317,0,-8.7,0,1.6
318,0,-5.3,0,1.4
319,0,-4.9,0,1.3
320,0,-5.3,0,1.2
321,0,-7.6,0,1.7
322,0,-7.5,0,1.4
323,0,-7.3,0,1.3
324,0,-9.9,0,1.1
325,0,-9.8,0,1.1
326,0,-9.9,0,1.2
327,0,-7.4,0,1.3
328,0,-7.2,0,1.3
329,0,-7.1,0,1.3
330,0,-6.1,0,1.3
331,0,-6.6,0,1.3
332,0,-6.3,0,1.3
333,0,-6.7,0,1.3
334,0,-7.7,0,1.4
335,0,-6.6,0,1.4
336,0,-6.3,0,1.7
337,0,-4.9,0,1.6
338,0,-4.7,0,1.6
339,0,-5.5,0,1.4
340,0,-5.3,0,1.6
341,0,-5.2,0,1.6
342,0,-10.0,0,1.7
343,0,-9.4,0,1.9
344,0,-9.2,0,1.8
345,0,-8.5,0,1.4
346,0,-8.4,0,1.5
347,0,-8.2,0,1.6
348,0,-6.7,0,1.9
349,0,-6.9,0,2.0
350,0,-7.1,0,2.2
351,0,-7.0,0,2.0
352,0,-6.7,0,1.6
353,0,-6.8,0,1.6
354,0,-9.0,0,1.4
355,0,-9.1,0,1.5
356,0,-9.0,0,1.3
357,0,-8.1,0,1.3
358,0,-8.0,0,1.4
359,0,-8.1,0,1.4
360,0,-3.8,0,1.1
361,0,-3.7,0,1.1
362,0,-3.9,0,1.2
363,0,-4.9,0,1.2
364,0,-4.8,0,1.2
365,0,-5.1,0,1.1
366,0,-8.4,0,1.1
367,0,-8.3,0,1.2
368,0,-8.6,0,1.1
369,0,-7.3,0,1.2
370,0,-7.4,0,1.4
371,0,-7.2,0,1.1
372,0,-6.6,0,1.1
373,0,-6.6,0,1.2
374,0,-6.4,0,1.2
375,0,-8.4,0,1.0
376,0,-8.3,0,1.2
377,0,-8.3,0,1.1
378,0,-6.1,0,1.3
379,0,-5.8,0,1.3
380,0,-5.9,0,1.3
381,0,-6.9,0,1.0
382,0,-7.1,0,1.1
383,0,-7.3,0,1.1
384,0,-8.1,0,1.1
385,0,-8.3,0,1.2
386,0,-8.1,0,1.1
387,0,-7.1,0,1.1
388,0,-7.2,0,1.1
389,0,-7.2,0,1.1
390,0,-6.6,0,1.1
391,0,-6.8,0,1.1
392,0,-6.8,0,1.1
393,0,-9.4,0,1.3
394,0,-9.6,0,1.3
395,0,-9.6,0,1.3
396,0,-8.9,0,1.2
397,0,-9.0,0,1.2
398,0,-9.1,0,1.2
399,0,-6.9,0,1.1
400,0,-7.0,0,1.1
401,0,-6.8,0,1.1
402,0,-7.2,0,1.3
403,0,-6.9,0,1.2
404,0,-7.2,0,1.1
405,0,-6.4,0,1.2
406,0,-6.5,0,1.2
407,0,-6.5,0,1.2
408,0,-6.1,0,1.3
409,0,-6.1,0,1.2
410,0,-6.0,0,1.6
411,0,-6.2,0,1.4
412,0,-6.3,0,1.3
413,0,-6.4,0,1.2
414,0,-4.1,0,1.2
415,0,-4.1,0,1.1
416,0,-3.9,0,1.2
417,0,-3.5,0,1.2
418,0,-3.4,0,1.2
419,0,-3.7,0,1.2
420,0,-6.7,0,1.4
421,0,-6.8,0,1.3
422,0,-6.9,0,1.4
423,0,-7.7,0,1.5
424,0,-6.9,0,1.5
425,0,-7.6,0,1.5
426,0,-5.6,0,1.2
427,0,-5.7,0,2.7
428,0,-5.6,0,1.2
429,0,-6.5,0,1.2
430,0,-6.6,0,2.0
431,0,-6.8,0,1.4
432,0,-6.1,0,1.9
433,0,-5.9,0,1.5
434,0,-6.1,0,1.6
435,0,-6.2,0,1.5
436,0,-6.2,0,1.6
437,0,-6.5,0,1.4
438,0,-6.3,0,1.8
439,0,-6.3,0,1.6
440,0,-6.3,0,1.5
441,0,-4.7,0,1.5
442,0,-4.7,0,1.7
443,0,-4.6,0,2.1
444,0,-5.6,0,1.6
445,0,-5.6,0,1.7
446,0,-5.6,0,1.6
447,0,-8.7,0,1.4
448,0,-8.7,0,1.5
449,0,-8.6,0,1.4
450,0,-6.7,0,1.6
451,0,-6.7,0,1.5
452,0,-6.7,0,1.8
453,0,-3.5,0,1.4
454,0,-3.5,0,1.3
455,0,-3.6,0,1.2
456,0,-3.9,0,1.5
457,0,-4.0,0,1.6
458,0,-3.5,0,1.8
459,0,-7.4,0,1.5
460,0,-7.2,0,1.5
461,0,-7.4,0,1.6
462,0,-7.1,0,1.7
463,0,-7.2,0,1.9
464,0,-7.2,0,1.8
465,0,-6.8,0,2.6
466,0,-7.1,0,1.8
467,0,-7.1,0,1.9
468,0,-6.2,0,1.7
469,0,-6.2,0,1.7
470,0,-5.9,0,1.8
471,0,-7.4,0,1.8
472,0,-7.2,0,1.6
473,0,-7.4,0,1.7
474,0,-7.0,0,1.7
475,0,-7.0,0,1.5
476,0,-6.9,0,1.5
477,0,-6.5,0,1.6
478,0,-6.3,0,1.5
479,0,-6.3,0,1.4
480,0,-3.6,0,2.4
481,0,-3.2,0,2.1
482,0,-3.2,0,2.8
483,0,-8.3,0,2.0
484,0,-8.3,0,1.4
485,0,-8.3,0,1.5
486,0,-8.1,0,1.6
487,0,-7.8,0,1.6
488,0,-6.5,0,1.7
489,0,-7.2,0,1.6
490,0,-7.2,0,1.6
491,0,-7.2,0,1.6
492,0,-4.9,0,1.7
493,0,-4.7,0,1.7
494,0,-4.5,0,2.4
495,0,-3.4,0,2.2
496,0,-3.5,0,3.4
497,0,-3.6,0,2.9
498,0,-5.8,0,1.3
499,0,-5.6,0,1.4
500,0,-5.5,0,1.5
501,00,4.3,0,1.3
502,00,3.1,0,1.2
503,00,0.5,0,1.2
504,00,0.5,0,1.2
505,00,11.8,0,1.2
506,00,15.4,0,1.2
507,00,3.1,0,1.7
508,00,2.8,0,1.3
509,00,2.3,0,1.3
510,000,2.3,0,0.9
511,000,2.3,0,0.8
512,000,2.3,0,0.8
513,000,2.3,0,1.1
514,000,2.3,0,0.9
515,000,2.3,0,0.8
516,000,2.3,0,1.0
517,000,2.3,0,1.0
518,000,2.3,0,1.0
519,000,2.3,0,0.9
520,000,2.3,0,0.9
521,000,2.3,0,0.9
522,000,2.3,0,1.0
523,000,2.3,0,1.0
524,000,2.3,0,0.8
525,000,2.3,0,1.0
526,000,2.3,0,1.2
527,000,2.3,0,1.0
528,000,2.3,0,0.9
529,000,2.3,0,1.1
530,000,2.3,0,1.1
531,000,2.3,0,1.1
532,000,2.3,0,1.2
533,000,2.3,0,1.1
534,000,2.3,0,1.3
535,000,2.3,0,1.2
536,000,2.3,0,1.6
537,000,2.3,0,1.3
538,000,2.3,0,1.6
539,000,2.3,0,1.5
540,000,2.3,0,1.0
541,000,2.3,0,1.0
542,000,2.3,0,1.0
543,000,2.3,0,0.8
544,000,2.3,0,0.9
545,000,2.3,0,0.9
546,000,2.3,0,0.7
547,000,2.3,0,0.8
548,000,2.3,0,0.9
549,000,2.3,0,0.8
550,000,2.3,0,1.0
551,000,2.3,0,0.9
552,000,2.3,0,1.0
553,000,2.3,0,1.0
554,000,2.3,0,1.0
555,000,2.3,0,0.8
556,000,2.3,0,0.9
557,000,2.3,0,0.9
558,000,2.3,0,0.9
559,000,2.3,0,1.1
560,000,2.3,0,0.9
561,000,2.3,0,1.1
562,000,2.3,0,1.0
563,000,2.3,0,0.9
564,000,2.3,0,0.8
565,000,2.3,0,0.9
566,000,2.3,0,1.2
567,000,2.3,0,0.7
568,000,2.3,0,1.1
569,000,2.3,0,1.0
570,000,2.3,0,0.9
571,000,2.3,0,0.9
572,000,2.3,0,0.9
573,000,2.3,0,0.9
574,000,2.3,0,1.0
575,000,2.3,0,0.9
576,000,2.3,0,0.9
577,000,2.3,0,0.9
578,000,2.3,0,0.9
579,000,2.3,0,0.9
580,000,2.3,0,0.8
581,000,2.3,0,0.8
582,000,2.3,0,0.9
583,000,2.3,0,1.1
584,000,2.3,0,1.0
585,000,2.3,0,1.0
586,000,2.3,0,1.2
587,000,2.3,0,1.0
588,000,2.3,0,1.2
589,000,2.3,0,1.1
590,000,2.3,0,1.2
591,000,2.3,0,1.1
592,000,2.3,0,1.1
593,000,2.3,0,1.1
594,000,2.3,0,0.9
595,000,2.3,0,1.0
596,000,2.3,0,1.3
597,000,2.3,0,1.3
598,000,2.3,0,1.3
599,000,2.3,0,1.4
600,000,2.3,0,1.2
601,000,2.3,0,1.2
602,000,2.3,0,0.9
603,000,2.3,0,1.1
604,000,2.3,0,1.2
605,000,2.3,0,1.2
606,000,2.3,0,0.8
607,000,2.3,0,0.8
608,000,2.3,0,0.8
609,000,2.3,0,0.9
610,000,2.3,0,1.2
611,000,2.3,0,0.8
612,000,2.3,0,0.9
613,000,2.3,0,0.8
614,000,2.3,0,0.8
615,000,2.3,0,0.9
616,000,2.3,0,1.1
617,000,2.3,0,0.9
618,000,2.3,0,0.8
619,000,2.3,0,0.8
620,000,2.3,0,0.8
621,000,2.3,0,0.9
622,000,2.3,0,1.0
623,000,2.3,0,0.9
624,000,2.3,0,0.9
625,000,2.3,0,0.9
626,000,2.3,0,0.8
627,000,2.3,0,0.9
628,000,2.3,0,0.9
629,000,2.3,0,0.9
630,000,2.3,0,1.1
631,000,2.3,0,1.3
632,000,2.3,0,1.0
633,000,2.3,0,1.0
634,000,2.3,0,1.1
635,000,2.3,0,1.0
636,000,2.3,0,1.0
637,000,2.3,0,1.1
638,000,2.3,0,1.0
639,000,2.3,0,1.0
640,000,2.3,0,1.0
641,000,2.3,0,0.9
642,000,2.3,0,1.1
643,000,2.3,0,0.9
644,000,2.3,0,0.9
645,000,2.3,0,1.0
646,000,2.3,0,1.1
647,000,2.3,0,0.9
648,000,2.3,0,0.9
649,000,2.3,0,0.9
650,000,2.3,0,0.9
651,000,2.3,0,0.9
652,000,2.3,0,1.0
653,000,2.3,0,1.3
654,000,2.3,0,0.8
655,000,2.3,0,0.8
656,000,2.3,0,0.8
657,000,2.3,0,0.8
658,000,2.3,0,1.0
659,000,2.3,0,0.9
660,000,2.3,0,0.8
661,000,2.3,0,0.8
662,000,2.3,0,0.9
663,000,2.3,0,0.8
664,000,2.3,0,0.7
665,000,2.3,0,0.8
666,000,2.3,0,0.8
667,000,2.3,0,0.8
668,000,2.3,0,1.0
669,000,2.3,0,0.8
670,000,2.3,0,0.9
671,000,2.3,0,0.8
672,000,2.3,0,1.0
673,000,2.3,0,0.9
674,000,2.3,0,0.9
675,000,2.3,0,0.7
676,000,2.3,0,1.2
677,000,2.3,0,0.9
678,000,2.3,0,0.8
679,000,2.3,0,0.8
680,000,2.3,0,0.9
681,000,2.3,0,0.9
682,000,2.3,0,0.9
683,000,2.3,0,0.8
684,000,2.3,0,0.8
685,000,2.3,0,0.8
686,000,2.3,0,0.8
687,000,2.3,0,0.9
688,000,2.3,0,0.9
689,000,2.3,0,0.9
690,000,2.3,0,0.9
691,000,2.3,0,1.0
692,000,2.3,0,0.9
693,000,2.3,0,0.9
694,000,2.3,0,1.3
695,000,2.3,0,0.9
696,000,2.3,0,0.9
697,000,2.3,0,1.2
698,000,2.3,0,0.9
699,000,2.3,0,0.9
700,000,2.3,0,0.8
701,000,2.3,0,0.7
702,000,2.3,0,0.8
703,000,2.3,0,0.9
704,000,2.3,0,0.7
705,000,2.3,0,0.7
706,000,2.3,0,0.8
707,000,2.3,0,0.7
708,000,2.3,0,0.8
709,000,2.3,0,0.8
710,000,2.3,0,0.8
711,000,2.3,0,0.8
712,000,2.3,0,0.8
713,000,2.3,0,0.8
714,000,2.3,0,1.0
715,000,2.3,0,0.8
716,000,2.3,0,0.8
717,000,2.3,0,1.0
718,000,2.3,0,1.0
719,000,2.3,0,1.0
720,000,2.3,0,1.2
721,000,2.3,0,1.0
722,000,2.3,0,1.0
723,000,2.3,0,0.8
724,000,2.3,0,0.9
725,000,2.3,0,0.9
726,000,2.3,0,0.9
727,000,2.3,0,1.1
728,000,2.3,0,0.8
729,000,2.3,0,0.8
730,000,2.3,0,0.8
731,000,2.3,0,0.8
732,000,2.3,0,1.0
733,000,2.3,0,1.0
734,000,2.3,0,0.8
735,000,2.3,0,1.0
736,000,2.3,0,0.9
737,000,2.3,0,0.8
738,000,2.3,0,0.8
739,000,2.3,0,0.8
740,000,2.3,0,0.9
741,000,2.3,0,1.0
742,000,2.3,0,0.9
743,000,2.3,0,0.9
744,000,2.3,0,1.3
745,000,2.6,0,1.5
746,000,5.0,0,1.5
747,000,4.7,0,1.6
748,000,5.1,0,1.6
749,000,2.2,0,1.7
750,000,2.2,0,1.5
751,000,2.3,0,1.4
752,000,0.6,0,1.8
753,000,0.7,0,1.1
754,000,1.3,0,1.1
755,000,-11.8,0,1.0
756,000,-12.4,0,1.1
757,000,-11.7,0,1.0
758,000,-11.9,0,1.1
759,000,-12.1,0,1.5
760,000,-12.1,0,1.5
761,000,-14.3,0,1.1
762,000,-14.5,0,1.5
763,000,-14.6,0,1.3
764,000,-17.3,0,1.1
765,000,-17.5,0,1.1
766,000,-17.5,0,1.1
767,000,-12.4,0,1.1
768,000,-12.5,0,1.1
769,000,-12.3,0,1.2
770,000,-20.0,0,1.1
771,000,-20.1,0,1.2
772,000,-20.1,0,1.5
773,000,-20.1,0,1.2
774,0000,-20.1,0,1.1
775,0000,-20.1,0,1.0
776,0000,-20.1,0,0.9
777,0000,-20.1,0,0.9
778,0000,-20.1,0,1.0
779,0000,-20.1,0,0.9
780,0000,-20.1,0,1.1
781,0000,-20.1,0,0.8
782,0000,-20.1,0,0.8
783,0000,-20.1,0,0.8
784,0000,-20.1,0,0.8
785,0000,-20.1,0,0.8
786,0000,-20.1,0,1.1
787,0000,-20.1,0,1.0
788,0000,-20.1,0,0.9
789,0000,-20.1,0,0.9
790,0000,-20.1,0,0.8
791,0000,-20.1,0,0.9
792,0000,-20.1,0,1.0
793,0000,-20.1,0,1.0
794,0000,-20.1,0,0.9
795,0000,-20.1,0,0.9
796,0000,-20.1,0,0.9
797,0000,-20.1,0,0.9
798,0000,-20.1,0,1.0
799,0000,-20.1,0,1.2
800,0000,-20.1,0,1.1
801,0000,-20.1,0,1.2
802,0000,-20.1,0,1.1
803,0000,-20.1,0,1.6
804,0000,-20.1,0,1.4
805,0000,-20.1,0,1.4
806,0000,-20.1,0,1.5
807,0000,-20.1,0,1.5
808,0000,-20.1,0,1.2
809,0000,-20.1,0,1.5
810,0000,-20.1,0,1.3
811,0000,-20.1,0,1.6
812,0000,-20.1,0,1.1
813,0000,-20.1,0,1.2
814,0000,-20.1,0,1.3
815,000,-20.1,0,1.6
816,000,-17.6,0,1.9
817,000,-18.9,0,1.8
818,000,-42.3,0,1.7
819,000,-41.7,0,1.6
820,000,-42.8,0,1.8
821,000,-42.8,0,1.4
822,000,-41.2,0,1.5
823,000,-42.0,0,1.4
824,000,-32.5,0,1.2
825,000,-31.6,0,1.2
826,000,-33.4,0,1.3
827,000,-33.4,0,1.0
828,000,-33.4,0,1.0
829,000,-33.4,0,1.2
830,000,-33.4,0,1.0
831,000,-33.4,0,1.1
832,000,-33.4,0,0.9
833,000,-33.4,0,1.2
834,000,-33.4,0,1.1
835,000,-33.4,0,1.4
836,000,-33.4,0,1.1
837,00,-33.4,0,1.2
838,000,-33.4,0,1.2
839,000,-31.6,0,1.2
840,00,-25.8,0,1.9
841,00,-25.7,0,2.4
842,00,-25.6,0,1.7
843,00,-24.7,0,2.2
844,00,-24.7,0,1.9
845,00,-24.7,0,1.6
846,00,-23.8,0,1.6
847,00,-23.7,0,1.5
848,00,-23.7,0,1.5
849,001,-9.7,0,1.4
850,001,-7.8,0,1.3
851,001,-9.8,0,1.6
852,001,-38.3,0,1.4
853,001,-39.2,0,1.8
854,001,-38.4,0,1.5
855,001,-24.0,0,1.4
856,001,-23.3,0,1.2
857,001,-23.4,0,1.3
858,001,-3.9,0,1.2
859,001,-2.7,0,1.2
860,001,-3.3,0,1.2
861,001,-3.3,0,1.2
862,001,-3.3,0,1.3
863,001,-3.3,0,1.4
864,001,-3.3,0,1.5
865,001,-3.3,0,1.4
866,001,-3.3,0,1.3
867,001,-3.3,0,1.2
868,001,-3.6,0,1.2
869,001,-4.8,0,1.2
870,001,-4.8,0,1.4
871,001,-4.8,0,1.3
872,001,-15.2,0,1.3
873,001,-16.1,0,1.6
874,001,-16.5,0,1.5
875,001,-15.8,0,1.6
876,001,-4.8,0,1.9
877,001,-0.7,0,1.8
878,001,-5.4,0,1.9
879,001,-7.4,0,1.3
880,001,-6.9,0,1.3
881,001,-8.3,0,1.4
882,001,-24.3,0,1.2
883,001,-23.5,0,1.2
884,001,-20.2,0,1.2
885,0011,-20.2,0,1.0
886,0011,-20.2,0,1.0
887,0011,-20.2,0,0.9
888,0011,-20.2,0,0.9
889,0011,-20.2,0,1.0
890,0011,-20.2,0,1.2
891,0011,-20.2,0,1.3
892,0011,-20.2,0,1.1
893,0011,-20.2,0,1.4
894,0011,-20.2,0,1.1
895,0011,-20.2,0,1.1
896,0011,-20.2,0,1.1
897,0011,-20.2,0,1.0
898,0011,-20.2,0,1.0
899,0011,-20.2,0,1.0
900,0011,-20.2,0,1.3
901,0011,-20.2,0,1.0
902,0011,-20.2,0,1.0
903,0011,-20.2,0,1.0
904,0011,-20.2,0,1.4
905,0011,-20.2,0,1.1
906,0011,-20.2,0,1.0
907,0011,-20.2,0,0.9
908,0011,-20.2,0,1.1
909,0011,-20.2,0,1.0
910,0011,-20.2,0,1.3
911,0011,-20.2,0,1.0
912,0011,-20.2,0,1.0
913,0011,-20.2,0,1.0
914,0011,-20.2,0,2.2
915,0011,-20.2,0,1.6
916,0011,-20.2,0,1.2
917,0011,-20.2,0,0.8
918,0011,-20.2,0,1.0
919,0011,-20.2,0,1.3
920,0011,-20.2,0,1.0
921,0011,-20.2,0,1.2
922,0011,-20.2,0,1.5
923,0011,-20.2,0,1.6
924,0011,-20.2,0,1.7
925,0011,-20.2,0,1.7
926,0011,-20.2,0,1.4
927,0011,-20.2,0,1.7
928,0011,-20.2,0,1.5
929,0011,-20.2,0,1.5
930,001,-20.2,0,2.0
931,001,-20.2,0,1.3
932,001,-20.5,0,1.4
933,001,-19.7,0,1.3
934,001,-19.5,0,1.4
935,001,-19.7,0,1.4
936,001,-22.7,0,1.2
937,001,-22.9,0,1.3
938,001,-22.8,0,1.6
939,001,-20.1,0,1.4
940,001,-20.6,0,1.9
941,001,-20.3,0,1.5
942,001,-19.3,0,1.3
943,001,-19.3,0,1.4
944,001,-19.4,0,2.0
945,001,-19.9,0,1.9
946,001,-19.8,0,1.5
947,001,-19.8,0,1.7
948,001,-19.4,0,1.3
949,001,-19.4,0,1.2
950,001,-19.6,0,1.4
951,001,-22.4,0,1.2
952,001,-22.4,0,1.1
953,001,-22.5,0,1.0
954,001,-22.7,0,1.1
955,001,-22.8,0,1.1
956,001,-22.9,0,1.1
957,001,-23.7,0,1.2
958,001,-23.6,0,1.2
959,001,-23.6,0,1.4
960,001,-25.4,0,1.2
961,001,-25.4,0,1.2
962,001,-25.4,0,1.5
963,001,-23.7,0,2.1
964,001,-23.8,0,2.4
965,001,-23.8,0,2.0
966,001,-22.2,0,1.7
967,001,-22.1,0,1.6
968,001,-22.2,0,1.6
969,001,-21.8,0,1.7
970,001,-21.9,0,1.7
971,001,-21.9,0,1.7
972,001,-20.1,0,1.7
973,001,-20.1,0,1.7
974,001,-20.1,0,1.2
975,001,-18.3,0,1.2
976,001,-18.3,0,1.3
977,001,-18.3,0,1.2
978,001,-21.0,0,1.3
979,001,-21.0,0,1.3
980,001,-21.0,0,1.4
981,001,-21.6,0,1.5
982,001,-21.6,0,1.5
983,001,-20.1,0,1.7
984,001,-21.0,0,1.5
985,001,-21.1,0,1.7
986,001,-20.9,0,1.6
987,001,-21.6,0,1.5
988,001,-21.7,0,1.5
989,001,-21.7,0,1.4
990,001,-21.0,0,2.4
991,001,-21.0,0,1.8
992,001,-21.0,0,1.8
993,001,-22.3,0,1.4
994,001,-22.3,0,1.5
995,001,-22.3,0,1.4
996,001,-22.2,0,1.5
997,001,-22.2,0,1.5
998,001,-22.1,0,1.7
999,001,-22.2,0,3.9
1000,001,-22.2,0,1.8
1001,001,-22.2,0,1.8
1002,001,-22.9,0,1.9
1003,001,-22.9,0,1.7
1004,001,-22.9,0,1.8
1005,001,-21.3,0,2.1
1006,001,-21.3,0,1.8
1007,001,-21.3,0,1.7
1008,001,-21.6,0,1.7
1009,001,-21.6,0,1.6
1010,001,-21.6,0,1.5
1011,001,-21.4,0,1.7
1012,001,-21.4,0,1.8
1013,001,-21.4,0,1.7
1014,001,-20.4,0,1.5
1015,001,-20.4,0,1.7
1016,001,-20.4,0,1.5
1017,001,-20.5,0,1.5
1018,001,-20.5,0,1.6
1019,001,-20.5,0,1.8
1020,001,-19.9,0,1.5
1021,001,-19.9,0,1.5
1022,001,-19.9,0,1.6
1023,001,-19.6,0,1.6
1024,001,-19.6,0,1.6
1025,001,-19.6,0,1.6
1026,001,-19.1,0,1.4
1027,001,-19.1,0,1.2
1028,001,-19.1,0,1.2
1029,001,-18.9,0,1.1
1030,001,-18.9,0,1.1
1031,001,-18.9,0,1.4
1032,001,-19.7,0,1.3
1033,001,-19.7,0,1.3
1034,001,-19.7,0,1.2
1035,001,-20.1,0,1.3
1036,001,-20.2,0,1.2
1037,001,-20.1,0,1.2
1038,001,-19.8,0,1.8
1039,001,-19.8,0,2.2
1040,001,-19.8,0,1.8
1041,001,-19.4,0,1.5
1042,001,-19.4,0,1.8
1043,001,-19.4,0,1.8
1044,001,-19.6,0,1.3
1045,001,-19.6,0,1.5
1046,001,-19.6,0,1.4
1047,001,-19.6,0,2.0
1048,001,-19.6,0,2.1
1049,001,-19.6,0,1.5
1050,001,-20.2,0,1.6
1051,001,-20.0,0,1.5
1052,001,-19.9,0,1.5
1053,001,-19.9,0,1.6
1054,001,-19.9,0,1.4
1055,001,-19.9,0,1.3
1056,001,-20.1,0,1.3
1057,001,-20.1,0,1.3
1058,001,-20.1,0,1.3
1059,001,-20.4,0,1.2
1060,001,-20.4,0,1.2
1061,001,-20.4,0,1.2
1062,001,-20.4,0,1.5
1063,001,-20.4,0,1.4
1064,001,-20.4,0,1.2
1065,0011,-20.4,0,1.0
1066,0011,-20.4,0,0.9
1067,0011,-20.4,0,0.9
1068,0011,-20.4,0,1.0
1069,0011,-20.4,0,0.9
1070,0011,-20.4,0,0.9
1071,0011,-20.4,0,1.0
1072,0011,-20.4,0,1.3
1073,0011,-20.4,0,1.1
1074,0011,-20.4,0,1.4
1075,0011,-20.4,0,1.2
1076,0011,-20.4,0,1.3
1077,0011,-20.4,0,0.8
1078,0011,-20.4,0,0.6
1079,0011,-20.4,0,0.7
1080,0011,-20.4,0,0.6
1081,0011,-20.4,0,0.6
1082,0011,-20.4,0,0.6
1083,0011,-20.4,0,0.6
1084,0011,-20.4,0,0.7
